pickup_hour,zone_id,trips,hour_of_week,mean,std,z
2024-01-01 03:00:00,79,470,3,13.5,2.1213203435596424,215.19616374110598
2024-01-01 03:00:00,107,227,3,5.125,1.0532687216470449,210.65374432940897
2024-01-01 03:00:00,114,171,3,3.5,1.118033988749895,149.8165544924859
2024-01-01 03:00:00,263,129,3,5.0,1.0,124.0
2024-01-01 02:00:00,137,146,2,3.25,1.1989578808281798,119.0617304265897
2024-01-01 03:00:00,144,115,3,2.4285714285714284,1.049781318335648,107.233217628508
2024-01-01 03:00:00,234,120,3,3.625,1.1110243021644486,104.74568357621283
2024-01-01 02:00:00,164,183,2,8.25,1.713913650100261,101.9596290570283
2024-01-01 01:00:00,231,159,1,2.875,1.5360257159305635,101.64217850051782
2024-01-01 02:00:00,170,224,2,4.5,2.179449471770337,100.71350716917661
2024-01-01 02:00:00,142,139,2,3.4285714285714284,1.3997084244475304,96.85690691255151
2024-01-01 03:00:00,148,278,3,3.75,2.8613807855648994,95.84533501571586
2024-01-01 02:00:00,107,304,2,7.75,3.112474899497183,95.18149047494612
2024-01-01 03:00:00,231,96,3,2.0,1.0,94.0
2024-01-01 04:00:00,148,163,4,3.125,1.7633419974582356,90.66590612056616
2024-01-01 02:00:00,79,464,2,14.625,5.12195031213697,87.73513459026756
2024-01-01 02:00:00,234,165,2,4.5,1.8708286933869707,85.79085865388822
2024-01-01 01:00:00,143,92,1,2.0,1.0690449676496976,84.18729120241368
2024-01-01 02:00:00,237,113,2,2.1666666666666665,1.3437096247164249,82.48309850182362
2024-01-01 02:00:00,239,149,2,3.0,1.7728105208558367,82.35510692339386
2024-01-01 01:00:00,170,259,1,10.75,3.072051431861127,80.80919395597613
2024-01-01 01:00:00,263,279,1,9.625,3.42554740151118,78.63706684694108
2024-01-01 03:00:00,113,106,3,2.875,1.3635890143294642,75.62762600482743
2024-01-01 01:00:00,79,383,1,26.125,4.807221130757353,74.23727560953208
2024-01-01 01:00:00,239,265,1,6.375,3.4977671449083054,73.94002781931326
2024-01-01 00:00:00,43,159,0,3.857142857142857,2.166535841157586,71.60871941078247
2024-01-01 01:00:00,237,248,1,5.625,3.42554740151118,70.75511490311776
2024-01-01 02:00:00,238,81,2,2.142857142857143,1.1248582677159729,70.10407010410516
2024-01-01 04:00:00,79,289,4,14.0,4.092676385936225,67.19319439596786
2024-01-01 01:00:00,229,196,1,9.5,2.7838821814150108,66.99277765598704
2024-01-01 03:00:00,170,127,3,3.25,1.8540496217739157,66.74578638386096
2024-01-01 02:00:00,263,199,2,5.875,3.0998991919093113,62.300413027640786
2024-01-01 02:00:00,141,156,2,5.25,2.436698586202241,61.8664946307348
2024-01-01 02:00:00,229,142,2,5.0,2.23606797749979,61.268262583494234
2024-01-01 01:00:00,43,87,1,2.5714285714285716,1.3997084244475304,60.31868491603576
2024-01-01 03:00:00,48,250,3,20.75,3.832427429188973,59.81848429900065
2024-01-01 03:00:00,164,141,3,5.625,2.2878756522153907,59.17061089789298
2024-01-01 01:00:00,107,260,1,10.875,4.3714271125114275,56.98939810456436
2024-01-01 04:00:00,114,71,4,2.625,1.2183492931011204,56.121015859057934
2024-01-01 02:00:00,233,68,2,2.8,1.16619037896906,55.90853875645789
2024-01-01 04:00:00,107,118,4,5.0,2.0615528128088303,54.81305125821125
2024-01-01 03:00:00,90,143,3,7.428571428571429,2.498979383505129,54.250719100080296
2024-01-01 01:00:00,141,262,1,10.875,4.675401052316261,53.71196977328589
2024-01-01 02:00:00,236,55,2,3.0,1.0,52.0
2024-01-01 02:00:00,148,238,2,6.625,4.498263553861645,51.43651483056622
2024-01-01 04:00:00,90,108,4,6.0,2.0615528128088303,49.47726750741192
2024-01-01 03:00:00,249,204,3,12.75,3.897114317029974,49.074772881118186
2024-01-01 01:00:00,41,59,1,1.8,1.1661903789690602,49.04859535075752
2024-01-01 02:00:00,144,108,2,3.125,2.1469455046647083,48.84846856715093
2024-01-01 01:00:00,90,126,1,12.125,2.368411915187052,48.08074105259954
2024-01-01 04:00:00,164,124,4,7.375,2.4462982238476156,47.67407295769871
2024-01-01 02:00:00,161,177,2,6.125,3.6206870894900596,47.19408106157723
2024-01-01 02:00:00,143,53,2,2.3333333333333335,1.1055415967851332,45.82972437582007
2024-01-01 01:00:00,137,128,1,5.25,2.680951323690902,45.78598608459941
2024-01-01 01:00:00,233,89,1,3.125,1.899835519196333,45.20128144373613
2024-01-01 02:00:00,162,141,2,5.375,3.07967124868873,44.03879149689979
2024-01-01 03:00:00,141,83,3,6.875,1.7633419974582356,43.17086538500765
2024-01-01 01:00:00,238,192,1,5.5,4.330127018922194,43.070330081546075
2024-01-01 01:00:00,140,98,1,5.25,2.165063509461097,42.839389973870226
2024-01-01 01:00:00,68,184,1,15.0,4.0,42.25
2024-01-01 01:00:00,151,63,1,2.1666666666666665,1.4624940645653537,41.59561040776785
2024-01-01 02:00:00,90,139,2,9.5,3.24037034920393,39.964567640181805
2024-01-01 04:00:00,234,83,4,3.2857142857142856,2.0503857277724746,38.87770219747227
2024-01-01 05:00:00,148,55,5,2.8333333333333335,1.3437096247164249,38.822871926422245
2024-01-01 02:00:00,48,234,2,24.875,5.441449714919729,38.43185381767053
2024-01-01 02:00:00,163,133,2,7.375,3.314268395890713,37.90429289183689
2024-01-01 01:00:00,232,47,1,1.6,1.2,37.833333333333336
2024-01-01 01:00:00,234,184,1,11.375,4.580870550452174,37.68388521325064
2024-01-01 02:00:00,68,183,2,12.375,4.553501400021746,37.471164497541416
2024-01-01 00:00:00,141,171,0,16.375,4.181432170919432,36.978956893135575
2024-01-01 00:00:00,142,262,0,21.625,6.613197033205649,36.34777533363191
2024-01-01 04:00:00,113,47,4,2.142857142857143,1.2453996981544782,36.01827021767819
2024-01-01 02:00:00,113,76,2,3.75,2.0463381929681126,35.30696941897221
2024-01-01 03:00:00,158,68,3,3.7142857142857144,1.8294640678379568,35.13909642493637
2024-01-01 00:00:00,237,284,0,21.75,7.578753195612059,34.60331709334951
2024-01-01 03:00:00,163,96,3,5.75,2.6339134382131846,34.264603646665215
2024-01-01 01:00:00,50,108,1,4.0,3.116774889895918,33.36782529182689
2024-01-01 01:00:00,246,162,1,20.375,4.328322423295196,32.72052914491047
2024-01-01 01:00:00,164,202,1,12.375,5.851014869234225,32.40890755500984
2024-01-01 03:00:00,68,158,3,10.625,4.580870550452174,32.17183248835808
2024-01-01 04:00:00,249,110,4,8.375,3.2379584617471546,31.385516893000737
2024-01-01 02:00:00,114,105,2,10.375,3.0388114452858046,31.13881914154117
2024-01-01 02:00:00,140,63,2,3.4285714285714284,1.9166296949998196,31.081344887247077
2024-01-01 01:00:00,162,138,1,10.125,4.136348026943574,30.914951828772796
2024-01-01 03:00:00,246,174,3,16.5,5.196152422706632,30.31088913245535
2024-01-01 03:00:00,162,61,3,5.25,1.8540496217739157,30.069313865860597
2024-01-01 00:00:00,239,236,0,13.125,7.473912964438374,29.820390076852856
2024-01-01 03:00:00,50,75,3,3.1666666666666665,2.4094720491334933,29.812893392627817
2024-01-01 00:00:00,90,149,0,23.5,4.272001872658765,29.377327946228775
2024-01-01 02:00:00,249,146,2,19.0,4.330127018922194,29.329393674832986
2024-01-01 00:00:00,263,223,0,14.75,7.292976072907411,28.554872238457687
2024-01-01 03:00:00,140,34,3,3.25,1.0897247358851685,28.218135266079095
2024-01-01 01:00:00,148,166,1,9.0,5.5677643628300215,28.19803241820366
2024-01-01 00:00:00,170,191,0,20.125,6.091746465505603,28.050248146008112
2024-01-01 04:00:00,50,55,4,3.25,1.8540496217739157,27.911874305978223
2024-01-01 01:00:00,142,247,1,13.285714285714286,8.497298490264601,27.50453994078864
2024-01-01 03:00:00,142,48,3,4.0,1.6035674514745464,27.438820836342234
2024-01-01 00:00:00,50,69,0,6.5,2.29128784747792,27.27723627949905
2024-01-01 01:00:00,249,169,1,28.625,5.170529469986609,27.14905713521899
2024-01-01 03:00:00,230,86,3,15.25,2.6339134382131846,26.861171279795723
2024-01-01 03:00:00,229,44,3,2.875,1.5360257159305635,26.773640293571145
2024-01-01 01:00:00,163,107,1,13.25,3.5619517121937516,26.31984023788487
2024-01-01 02:00:00,246,128,2,15.375,4.29934588047996,26.195845398562593
2024-01-01 00:00:00,236,164,0,9.25,5.973901572674261,25.90434377222674
2024-01-01 00:00:00,140,94,0,9.625,3.276335605520289,25.752856287932406
2024-01-01 03:00:00,161,75,3,6.5,2.692582403567252,25.440261330256106
2024-01-01 04:00:00,48,230,4,25.125,8.115378919064716,25.245278383576885
2024-01-10 02:00:00,138,55,50,5.0,2.0,25.0
2024-01-01 04:00:00,68,105,4,8.0,4.0,24.25
2024-01-01 02:00:00,158,47,2,2.7142857142857144,1.8294640678379568,24.20693309273394
2024-01-01 00:00:00,158,92,0,10.375,3.42554740151118,23.828308422762195
2024-01-01 04:00:00,137,54,4,5.0,2.1213203435596424,23.098821518760555
2024-01-01 00:00:00,231,95,0,8.25,3.766629793329841,23.031198912519027
2024-01-01 01:00:00,74,40,1,3.5714285714285716,1.5907898179514348,22.899676008413802
2024-01-01 02:00:00,151,49,2,2.5,2.0615528128088303,22.555813128378965
2024-01-01 00:00:00,246,118,0,22.375,4.270172713134681,22.393707801528915
2024-01-01 04:00:00,232,24,4,2.0,1.0,22.0
2024-01-01 00:00:00,229,163,0,15.0,6.782329983125268,21.821409510924777
2024-01-01 03:00:00,233,33,3,3.2857142857142856,1.3850513878332367,21.453561922182907
2024-01-01 00:00:00,107,177,0,18.0,7.466592261534039,21.294855059801115
2024-01-01 03:00:00,236,25,3,1.625,1.1110243021644486,21.039143747316647
2024-01-01 00:00:00,79,342,0,45.375,14.247258508218344,20.819794898007626
2024-01-01 00:00:00,148,175,0,19.875,7.473912964438374,20.755526688375994
2024-01-01 04:00:00,158,33,4,2.2857142857142856,1.4846149779161806,20.68838464596159
2024-01-01 01:00:00,75,48,1,3.6,2.1540659228538015,20.612182537652757
2024-01-01 04:00:00,246,103,4,9.75,4.602988159880492,20.258579157940105
2024-01-01 05:00:00,79,90,5,10.125,4.044672421840859,19.748200019532444
2024-01-09 08:00:00,226,52,32,4.875,2.4206145913796355,19.46819628693595
2024-01-01 00:00:00,238,130,0,8.5,6.244997998398398,19.455570687318087
2024-01-01 02:00:00,125,45,2,4.428571428571429,2.1285234893930487,19.060831968078286
2024-01-01 02:00:00,50,96,2,4.428571428571429,4.8064582403602065,19.051747459802336
2024-01-01 06:00:00,144,26,6,2.3333333333333335,1.247219128924647,18.975548175782134
2024-01-01 01:00:00,113,74,1,7.25,3.526683994916471,18.92712817372257
2024-01-01 00:00:00,262,71,0,4.285714285714286,3.614031611621005,18.45979584123291
2024-01-01 00:00:00,151,63,0,5.428571428571429,3.1558174334820746,18.242952827567482
2024-01-01 00:00:00,125,40,0,4.25,1.984313483298443,18.016306546773162
2024-01-01 00:00:00,4,24,0,2.1666666666666665,1.2133516482134197,17.994233877278262
2024-01-01 01:00:00,211,63,1,5.142857142857143,3.2261685116103473,17.93370143218693
2024-01-01 00:00:00,143,61,0,4.0,3.265986323710904,17.452614417330143
2024-01-01 04:00:00,231,24,4,2.3333333333333335,1.247219128924647,17.371980724307587
2024-01-01 05:00:00,246,21,5,2.0,1.0954451150103321,17.344547654330263
2024-01-01 06:00:00,148,25,6,4.25,1.1989578808281798,17.306696366737206
2024-01-01 02:00:00,166,26,2,2.0,1.4142135623730951,16.97056274847714
2024-01-09 07:00:00,226,36,31,4.375,1.8666480653835098,16.942133113615355
2024-01-01 00:00:00,137,82,0,16.625,3.8709656418005056,16.888550829294385
2024-01-01 00:00:00,233,46,0,6.5,2.345207879911715,16.842856592093224
2024-01-01 00:00:00,211,50,0,9.0,2.449489742783178,16.738179909018385
2024-01-01 00:00:00,234,203,0,25.5,10.793516572461451,16.44505743872882
2024-01-01 00:00:00,41,35,0,2.857142857142857,1.958758457257441,16.40981154351314
2024-01-01 01:00:00,114,105,1,22.625,5.048205126577168,16.317680826066727
2024-01-01 01:00:00,145,18,1,2.0,1.0,16.0
2024-01-01 04:00:00,100,57,4,8.75,3.031088913245535,15.918371707656824
2024-01-01 01:00:00,125,45,1,3.875,2.6190408549696205,15.702313280820137
2024-01-01 01:00:00,158,85,1,6.75,4.993746088859544,15.669599256271054
2024-01-01 03:00:00,100,43,3,6.0,2.449489742783178,15.105186747162932
2024-01-01 03:00:00,186,151,3,11.875,9.252533436848527,15.036422289048964
2024-01-01 04:00:00,170,58,4,7.375,3.3888604279314896,14.93865004965718
2024-01-01 06:00:00,7,20,6,2.4285714285714284,1.178030178747903,14.915940939734478
2024-01-01 01:00:00,236,147,1,6.625,9.668731819633845,14.518450053082143
2024-01-15 01:00:00,249,100,1,28.625,5.170529469986609,13.804195569198614
2024-01-04 03:00:00,132,76,75,8.777777777777779,4.8711800481739935,13.799987181221333
2024-01-10 03:00:00,132,98,51,9.222222222222221,6.459751934999392,13.743217800171784
2024-01-01 05:00:00,90,39,5,6.125,2.4206145913796355,13.581261600700675
2024-01-01 00:00:00,249,218,0,46.625,12.78610085209717,13.403226048533094
2024-01-01 05:00:00,158,18,5,2.25,1.1989578808281798,13.136408085595711
2024-01-01 01:00:00,166,36,1,2.857142857142857,2.531435020952764,13.09251743320793
2024-01-01 03:00:00,145,15,3,1.4285714285714286,1.0497813183356477,12.927862531355663
2024-01-01 04:00:00,163,57,4,9.25,3.6996621467371855,12.906583927430182
2024-01-01 01:00:00,244,29,1,2.75,2.0463381929681126,12.827791657412048
2024-01-01 02:00:00,24,20,2,2.0,1.4142135623730951,12.727922061357855
2024-01-15 02:00:00,114,49,2,10.375,3.0388114452858046,12.710561578251284
2024-01-15 02:00:00,249,74,2,19.0,4.330127018922194,12.701705922171765
2024-01-16 14:00:00,246,259,38,105.25,12.132085558550928,12.67300657071562
2024-01-15 15:00:00,7,15,15,2.5,1.0,12.5
2024-01-01 00:00:00,164,147,0,28.0,9.539392014169456,12.474589556990828
2024-01-01 00:00:00,261,29,0,3.125,2.0879116360612584,12.392765839847467
2024-01-01 05:00:00,114,15,5,2.2857142857142856,1.0301575072754257,12.342079366011347
2024-01-01 02:00:00,186,85,2,10.0,6.103277807866851,12.288478807785609
2024-01-04 16:00:00,152,29,88,5.0,2.0,12.0
2024-01-01 04:00:00,141,52,4,8.5,3.640054944640259,11.950369063535945
2024-01-01 05:00:00,226,15,5,2.7142857142857144,1.0301575072754257,11.926054218842424
2024-01-01 00:00:00,75,36,0,5.25,2.6339134382131846,11.674643347755739
2024-01-01 03:00:00,125,33,3,6.625,2.2878756522153907,11.52816149534203
2024-01-01 01:00:00,42,26,1,2.5,2.0615528128088303,11.39917437670765
2024-01-01 01:00:00,48,156,1,41.5,10.222524150130436,11.200756126219474
2024-01-16 13:00:00,246,256,37,98.875,14.039564630001886,11.191586359040743
2024-01-30 00:00:00,68,148,24,36.625,10.135796712641785,10.988282732731655
2024-01-01 00:00:00,144,70,0,9.625,5.498579361980693,10.980108865474623
2024-01-16 12:00:00,246,213,36,86.0,11.61895003862225,10.930419665963155
2024-01-01 01:00:00,24,18,1,2.2,1.469693845669907,10.750538315548393
2024-01-15 01:00:00,90,37,1,12.125,2.368411915187052,10.502818297988265
2024-01-01 04:00:00,263,43,4,7.75,3.418698582794336,10.310941180192541
2024-01-17 00:00:00,70,37,48,6.25,2.9895651857753496,10.285776723087217
2024-01-01 01:00:00,116,19,1,2.25,1.6393596310755,10.217404212284514
2024-01-04 16:00:00,116,16,88,2.125,1.3635890143294642,10.175353317013146
2024-01-15 01:00:00,79,75,1,26.125,4.807221130757353,10.16699641447532
2024-01-15 00:00:00,158,45,0,10.375,3.42554740151118,10.10787355758825
2024-01-02 03:00:00,132,62,27,9.0,5.244044240850758,10.106703446003278
2024-01-01 00:00:00,163,139,0,25.75,11.288821904875636,10.032047715367659
2024-01-01 04:00:00,237,28,4,5.625,2.2325713874364688,10.022075946109792
2024-01-01 00:00:00,162,136,0,25.75,11.110243021644486,9.92327528616753
2024-01-01 04:00:00,239,26,4,4.875,2.1469455046647083,9.839560414598937
2024-01-01 04:00:00,229,35,4,6.375,2.912795049432761,9.827330627183827
2024-01-05 08:00:00,152,21,104,3.375,1.79843682124227,9.800177460682514
2024-01-01 00:00:00,68,176,0,44.375,13.499421283892136,9.750417979551345
2024-01-01 03:00:00,7,17,3,2.0,1.5491933384829668,9.682458365518542
2024-01-01 04:00:00,261,12,4,2.0,1.0690449676496976,9.354143466934852
2024-01-31 08:00:00,4,21,56,5.625,1.653594569415369,9.29792603602699
2024-01-01 12:00:00,232,19,12,3.0,1.7320508075688772,9.237604307034013
2024-01-15 03:00:00,79,33,3,13.5,2.1213203435596424,9.19238815542512
2024-01-01 00:00:00,114,181,0,49.75,14.57523584714841,9.005000082086395
2024-01-15 01:00:00,114,66,1,22.625,5.048205126577168,8.592162741494922
2024-01-05 19:00:00,152,11,115,2.5,1.0,8.5
2024-01-24 00:00:00,186,221,48,62.111111111111114,18.693102973167193,8.499866989282848
2024-01-01 05:00:00,234,27,5,5.25,2.5860201081971503,8.410607454697272
2024-01-05 12:00:00,152,13,108,2.4444444444444446,1.2570787221094177,8.396893026590252
2024-01-01 05:00:00,164,55,5,9.125,5.464373248598599,8.395290349495282
2024-01-15 00:00:00,249,153,0,46.625,12.78610085209717,8.319580866011425
2024-01-01 00:00:00,48,144,0,54.625,10.839020942871178,8.245670939383315
2024-01-15 00:00:00,142,76,0,21.625,6.613197033205649,8.222195668294269
2024-01-04 17:00:00,116,14,89,2.111111111111111,1.4487116456005884,8.206525380666864
2024-01-01 06:00:00,50,27,6,7.0,2.449489742783178,8.16496580927726
2024-01-15 02:00:00,137,13,2,3.25,1.1989578808281798,8.132062148225916
2024-01-16 15:00:00,246,251,39,117.375,16.461603050735977,8.117374692376986
2024-01-16 11:00:00,246,171,35,75.75,11.808365678619543,8.066315237210302
2024-01-05 12:00:00,24,44,108,14.11111111111111,3.725123247608935,8.02359731535697
2024-01-15 03:00:00,249,44,3,12.75,3.897114317029974,8.018753738744802
2024-01-04 18:00:00,152,25,90,5.0,2.494438257849294,8.017837257372733
2024-01-01 06:00:00,246,20,6,5.666666666666667,1.7950549357115013,7.984899541613229
2024-01-01 05:00:00,107,41,5,12.375,3.6033838263498934,7.943921985406745
2024-01-01 04:00:00,142,26,4,6.125,2.521780125229002,7.881337393836094
2024-01-04 16:00:00,41,53,88,11.777777777777779,5.328701692569688,7.7358847615174735
2024-01-28 10:00:00,75,80,154,33.111111111111114,6.099989880582579,7.686715848192647
2024-01-01 04:00:00,143,13,4,1.6666666666666667,1.4907119849998596,7.602631123499287
2024-01-06 09:00:00,152,11,129,2.625,1.1110243021644486,7.53808893620436
2024-01-01 00:00:00,74,16,0,3.0,1.7320508075688772,7.505553499465135
2024-01-17 02:00:00,138,20,50,5.0,2.0,7.5
2024-01-01 01:00:00,243,18,1,3.0,2.0,7.5
2024-01-15 02:00:00,79,53,2,14.625,5.12195031213697,7.492263232047884
2024-01-14 23:00:00,224,14,167,2.3333333333333335,1.5634719199411433,7.462025072446364
2024-01-01 05:00:00,125,13,5,2.1666666666666665,1.4624940645653537,7.407437469876467
2024-01-14 12:00:00,246,205,156,96.44444444444444,14.788216864270394,7.340679173960123
2024-01-01 05:00:00,68,44,5,11.75,4.408798022137099,7.314918904896281
2024-01-28 04:00:00,7,13,148,2.6666666666666665,1.4142135623730951,7.306770072260991
2024-01-01 00:00:00,113,86,0,15.25,9.756408150543928,7.251644140785113
2024-01-01 06:00:00,244,14,6,4.75,1.299038105676658,7.120653320005384
2024-01-05 09:00:00,24,50,105,15.666666666666666,4.83045891539648,7.107675261226249
2024-01-01 05:00:00,211,9,5,1.7142857142857142,1.0301575072754254,7.072427501871672
2024-01-20 19:00:00,7,9,139,2.0,1.0,7.0
2024-01-01 00:00:00,24,27,0,3.4,3.3823069050575527,6.977486272671175
2024-01-01 06:00:00,116,11,6,2.875,1.165922381636102,6.968731476445666
2024-01-04 16:00:00,166,103,88,39.666666666666664,9.104333522498441,6.956394246413019
2024-01-04 16:00:00,12,11,88,2.75,1.1989578808281798,6.880975663883468
2024-01-28 03:00:00,37,15,147,2.6666666666666665,1.7950549357115013,6.8707275125509195
2024-01-23 00:00:00,68,106,24,36.625,10.135796712641785,6.844553217358102
2024-01-01 13:00:00,12,20,13,5.125,2.2043990110685496,6.747870927772539
2024-01-15 00:00:00,114,148,0,49.75,14.57523584714841,6.740885775733244
2024-01-06 14:00:00,226,14,134,3.7777777777777777,1.547598697464902,6.60521505928319
2024-01-01 04:00:00,161,39,4,10.5,4.330127018922194,6.581793068761733
2024-01-16 03:00:00,138,25,27,4.4,3.1368774282716245,6.567040144552385
2024-01-01 11:00:00,148,24,11,12.75,1.713913650100261,6.563924617405255
2024-01-01 04:00:00,7,26,4,3.2,3.4871191548325386,6.5383484153110105
2024-01-04 16:00:00,151,117,88,52.666666666666664,9.843215373488933,6.5358047032684565
2024-01-01 00:00:00,87,30,0,4.857142857142857,3.9070840946220975,6.435197332318751
2024-01-04 16:00:00,24,40,88,16.0,3.7416573867739413,6.4142698058981855
2024-01-01 04:00:00,162,30,4,7.375,3.5333235062756425,6.403319695978887
2024-01-01 00:00:00,161,242,0,37.875,32.00170893874263,6.378565606940996
2024-01-14 23:00:00,158,90,167,22.555555555555557,10.6156185888855,6.353322124351608
2024-01-05 10:00:00,152,10,106,2.6666666666666665,1.1547005383792515,6.350852961085884
2024-01-20 10:00:00,7,13,130,3.2222222222222223,1.547598697464902,6.318031795836096
2024-01-01 04:00:00,230,80,4,23.25,8.98262211161084,6.317754358902125
2024-01-05 06:00:00,152,12,102,2.875,1.4523687548277813,6.282839650514254
2024-01-04 17:00:00,152,22,89,5.444444444444445,2.7125679146074897,6.103277807866852
2024-01-30 00:00:00,164,144,24,39.125,17.229607511490215,6.086905922265504
2024-01-12 10:00:00,233,137,106,75.0,10.198039027185569,6.079600189283705
2024-01-05 17:00:00,24,51,113,21.333333333333332,4.898979485566356,6.055682975213969
2024-01-14 23:00:00,249,238,167,90.0,24.55832060852515,6.026470716756725
2024-01-28 12:00:00,246,185,156,96.44444444444444,14.788216864270394,5.988251076403499
2024-01-13 13:00:00,226,10,133,3.2222222222222223,1.1331154474650633,5.981542121714613
2024-01-20 06:00:00,7,9,126,2.375,1.1110243021644486,5.962965874907927
2024-01-14 23:00:00,255,9,167,2.125,1.165922381636102,5.896618941607871
2024-01-16 00:00:00,226,9,24,2.2857142857142856,1.1605769149479943,5.785300076028639
2024-01-14 23:00:00,114,160,167,59.888888888888886,17.37459476390389,5.76192495258043
2024-01-29 08:00:00,61,10,8,2.857142857142857,1.2453996981544782,5.735393346764043
2024-01-14 10:00:00,244,10,154,3.0,1.224744871391589,5.715476066494083
2024-01-05 11:00:00,143,134,107,66.0,11.907047399661167,5.710903611749714
2024-01-05 08:00:00,226,12,104,3.6666666666666665,1.4907119849998598,5.5901699437494745
2024-01-04 17:00:00,166,124,89,45.55555555555556,14.03258993368343,5.590161532202165
2024-01-15 03:00:00,107,11,3,5.125,1.0532687216470449,5.5778737935111105
2024-01-15 01:00:00,229,25,1,9.5,2.7838821814150108,5.567764362830022
2024-01-23 09:00:00,232,9,33,3.2857142857142856,1.0301575072754257,5.54700196225229
2024-01-15 02:00:00,144,15,2,3.125,2.1469455046647083,5.531113842526029
2024-01-28 11:00:00,116,10,155,3.5555555555555554,1.1653431646335017,5.5300830176244355
2024-01-15 00:00:00,144,40,0,9.625,5.498579361980693,5.524154149710835
2024-01-08 19:00:00,238,199,19,97.5,18.425525772688278,5.50866234441196
2024-01-05 13:00:00,152,10,109,2.6666666666666665,1.3333333333333333,5.500000000000001
2024-01-15 15:00:00,246,321,15,110.5,38.532453853861945,5.462927453266838
2024-01-31 09:00:00,75,57,57,41.22222222222222,2.8974232912011773,5.4454514208163305
2024-01-15 13:00:00,246,249,13,87.125,29.775986549567087,5.4364277647201416
2024-01-13 18:00:00,145,12,138,3.2222222222222223,1.617802197617893,5.425742275973217
2024-01-04 15:00:00,152,21,87,4.777777777777778,3.010270485365348,5.3889583348366035
2024-01-16 08:00:00,33,9,32,3.0,1.118033988749895,5.366563145999495
2024-01-28 04:00:00,226,9,148,3.0,1.118033988749895,5.366563145999495
2024-01-01 00:00:00,255,9,0,2.3333333333333335,1.247219128924647,5.3452248382484875
2024-01-01 05:00:00,48,110,5,35.375,14.061805538407933,5.306928743693108
2024-01-01 01:00:00,161,186,1,21.125,31.0983821926479,5.301722738457398
2024-01-20 19:00:00,181,11,139,3.0,1.5118578920369088,5.291502622129181
2024-01-27 21:00:00,166,70,141,20.11111111111111,9.433326789684944,5.288578462419098
2024-01-16 01:00:00,132,200,25,54.75,27.476126000584582,5.286407552393291
2024-01-23 00:00:00,164,130,24,39.125,17.229607511490215,5.274351138840311
2024-01-15 00:00:00,90,46,0,23.5,4.272001872658765,5.266851623825876
2024-01-15 12:00:00,232,12,12,3.0,1.7320508075688772,5.196152422706632
2024-01-27 23:00:00,100,120,143,68.88888888888889,9.859506911768452,5.183941911953441
2024-01-15 00:00:00,79,119,0,45.375,14.247258508218344,5.167660849105137
2024-01-30 03:00:00,246,15,27,4.375,2.057759704144291,5.163382283461689
2024-01-28 14:00:00,246,246,158,124.0,23.640830968662858,5.16056310210573
2024-01-03 06:00:00,132,259,54,124.55555555555556,26.141117510377363,5.143025901286485
2024-01-04 19:00:00,244,10,91,2.125,1.5360257159305635,5.126867290258304
2024-01-01 05:00:00,249,23,5,5.75,3.3819373146171707,5.100626769586553
2024-01-06 13:00:00,226,9,133,3.2222222222222223,1.1331154474650633,5.0990195135927845
2024-01-12 15:00:00,146,8,111,2.375,1.1110243021644486,5.062895554167108
2024-01-15 17:00:00,186,332,17,165.75,32.93079865414746,5.048465472885265
2024-01-06 21:00:00,186,331,141,139.66666666666666,37.98245208865097,5.037413932274875
2024-01-01 05:00:00,231,12,5,3.125,1.7633419974582356,5.033056555559185
2024-01-02 10:00:00,148,22,34,11.875,2.027159342528357,4.99467396942348
2024-01-28 13:00:00,246,237,157,110.33333333333333,25.573423705088842,4.953058617703243
2024-01-20 19:00:00,145,12,139,3.5555555555555554,1.7069212773041351,4.947178617271307
2024-01-22 07:00:00,76,9,7,3.2857142857142856,1.1605769149479943,4.92365963917331
2024-01-15 03:00:00,114,9,3,3.5,1.118033988749895,4.919349550499537
2024-01-03 16:00:00,45,19,64,9.222222222222221,1.9876159799998132,4.919349550499537
2024-01-14 23:00:00,90,93,167,39.44444444444444,10.945431427577557,4.8929597622456145
2024-01-05 10:00:00,24,39,106,19.11111111111111,4.067334492827361,4.8899073641379704
2024-01-20 20:00:00,145,11,140,3.125,1.6153559979150107,4.875086364965062
2024-01-17 02:00:00,132,63,50,9.0,11.115554667022044,4.858057165622944
2024-01-25 10:00:00,61,8,82,2.8333333333333335,1.0671873729054748,4.841386618546787
2024-01-01 04:00:00,226,8,4,2.6666666666666665,1.1055415967851334,4.824181513244218
2024-01-15 02:00:00,141,17,2,5.25,2.436698586202241,4.822098254800225
2024-01-04 20:00:00,152,13,92,3.375,1.996089927833914,4.821927041355651
2024-01-15 02:00:00,170,15,2,4.5,2.179449471770337,4.817730411281796
2024-01-02 05:00:00,132,128,29,58.375,14.456291882775473,4.816241991001682
2024-01-05 09:00:00,100,112,105,72.22222222222223,8.270130695968177,4.8098124733591066
2024-01-27 22:00:00,151,73,142,30.77777777777778,8.80375901757347,4.795931162806827
2024-01-14 14:00:00,246,237,158,124.0,23.640830968662858,4.779865824081536
2024-01-10 02:00:00,132,62,50,9.0,11.115554667022044,4.768093144037334
2024-01-14 10:00:00,246,85,154,43.44444444444444,8.719213918583756,4.765974999992355
2024-01-14 23:00:00,79,234,167,82.22222222222223,31.964486466416574,4.748325237048397
2024-01-14 15:00:00,246,270,159,125.55555555555556,30.43430488084535,4.746106244580419
2024-01-30 10:00:00,42,9,34,3.4285714285714284,1.178030178747903,4.729444688208493
2024-01-06 10:00:00,226,14,130,3.25,2.277608394786075,4.719863179556685
2024-01-27 16:00:00,246,281,136,161.11111111111111,25.435952003433794,4.713363544352662
2024-01-29 15:00:00,41,18,15,11.375,1.4086784586980805,4.702989499905403
2024-01-20 22:00:00,163,217,142,155.77777777777777,13.036510932145557,4.696212241210942
2024-01-01 04:00:00,233,19,4,5.875,2.8034576865007255,4.681718601710953
2024-01-16 16:00:00,246,256,40,140.75,24.747474618635334,4.65704084057185
2024-01-06 03:00:00,75,7,123,1.8888888888888888,1.0999438818457405,4.6467017049401695
2024-01-21 06:00:00,42,7,150,2.2222222222222223,1.0304020550550783,4.636809247747851
2024-01-27 22:00:00,163,216,142,155.77777777777777,13.036510932145557,4.619504600247423
2024-01-05 06:00:00,41,20,102,6.888888888888889,2.8458329944145997,4.6071259757138785
2024-01-17 10:00:00,244,9,58,2.5,1.4142135623730951,4.596194077712559
2024-01-15 00:00:00,246,42,0,22.375,4.270172713134681,4.595832842928156
2024-01-17 00:00:00,138,258,48,46.0,46.384863431463884,4.570456487669547
2024-01-15 00:00:00,48,104,0,54.625,10.839020942871178,4.555300728750223
2024-01-06 16:00:00,100,134,136,104.55555555555556,6.465482900433846,4.554098262709606
2024-01-28 15:00:00,246,264,159,125.55555555555556,30.43430488084535,4.548960292882464
2024-01-19 01:00:00,70,8,97,2.3333333333333335,1.247219128924647,4.543441112511214
2024-01-14 23:00:00,142,197,167,63.111111111111114,29.501203156046383,4.538421303723942
2024-01-01 15:00:00,116,8,15,2.0,1.3228756555322954,4.535573676110727
2024-01-01 00:00:00,42,11,0,2.6,1.8547236990991407,4.528976474544414
2024-01-03 10:00:00,132,215,58,138.0,17.02286044640494,4.5233290986804535
2024-01-27 21:00:00,143,148,141,47.77777777777778,22.204993321211823,4.51349931848359
2024-01-01 04:00:00,145,10,4,2.3333333333333335,1.699673171197595,4.510671108178232
2024-01-19 17:00:00,146,9,113,3.0,1.3333333333333333,4.5
2024-01-12 12:00:00,224,16,108,6.125,2.2043990110685496,4.479679019277567
2024-01-25 08:00:00,33,12,80,5.125,1.5360257159305635,4.475836523241377
2024-01-23 08:00:00,33,8,32,3.0,1.118033988749895,4.47213595499958
2024-01-18 17:00:00,146,7,89,2.0,1.118033988749895,4.47213595499958
2024-01-04 16:00:00,239,335,88,203.22222222222223,29.47608363017108,4.47066779397019
2024-01-01 04:00:00,238,18,4,5.375,2.8256636388643286,4.467976947558469
2024-01-14 22:00:00,114,121,166,66.11111111111111,12.305775016854165,4.460417065460102
2024-01-18 13:00:00,188,7,85,1.8,1.1661903789690602,4.458963213705229
2024-01-06 07:00:00,7,7,127,2.111111111111111,1.0999438818457405,4.444671196029728
2024-01-01 04:00:00,125,15,4,4.428571428571429,2.381904571504724,4.438225064890096
2024-01-06 09:00:00,151,87,129,44.0,9.7182531580755,4.424663496676728
2024-01-15 02:00:00,186,37,2,10.0,6.103277807866851,4.423852370802819
2024-01-20 16:00:00,230,377,136,208.33333333333334,38.24191998899172,4.410517743753945
2024-01-07 00:00:00,132,296,144,171.77777777777777,28.259817479074723,4.395719197910739
2024-01-13 05:00:00,140,14,125,5.777777777777778,1.8724777273725242,4.3910921353172565
2024-01-25 22:00:00,97,15,94,5.0,2.29128784747792,4.364357804719848
2024-01-06 19:00:00,145,11,139,3.5555555555555554,1.7069212773041351,4.3613285178576
2024-01-15 11:00:00,246,168,11,63.0,24.077998255669012,4.360827627158683
2024-01-31 21:00:00,226,7,69,2.25,1.0897247358851685,4.358898943540673
2024-01-04 21:00:00,244,7,93,2.25,1.0897247358851685,4.358898943540673
2024-01-29 07:00:00,39,7,7,2.4285714285714284,1.049781318335648,4.354648431614538
2024-01-14 16:00:00,7,7,160,2.4285714285714284,1.049781318335648,4.354648431614538
2024-01-05 09:00:00,151,93,105,48.333333333333336,10.263202878893768,4.352117676492927
2024-01-31 23:00:00,97,12,71,3.7142857142857144,1.9059520091609048,4.347283796175996
2024-01-01 04:00:00,166,8,4,2.1666666666666665,1.3437096247164249,4.341215710622297
2024-01-01 01:00:00,186,109,1,37.875,16.389306727253597,4.339719866352066
2024-01-27 21:00:00,100,134,141,61.77777777777778,16.651845261630434,4.337190328608106
2024-01-17 08:00:00,52,13,56,4.555555555555555,1.9499920860871383,4.330501905466242
2024-01-19 10:00:00,42,10,106,5.0,1.1547005383792515,4.330127018922194
2024-01-03 11:00:00,132,224,59,118.0,24.499433100017278,4.326630725178912
2024-01-04 16:00:00,142,360,88,227.11111111111111,30.744265750595016,4.322395921467631
2024-01-08 18:00:00,166,64,18,28.875,8.146126380065558,4.311865340802302
2024-01-08 11:00:00,224,12,11,6.125,1.3635890143294642,4.308482936032593
2024-01-02 12:00:00,132,251,36,151.375,23.242942477233814,4.286247324218158
2024-01-10 04:00:00,132,57,52,15.88888888888889,9.608381115168203,4.278671986294481
2024-01-01 15:00:00,42,12,15,3.875,1.899835519196333,4.276686017238498
2024-01-05 08:00:00,244,11,104,3.888888888888889,1.6629588385661962,4.2761798705987895
2024-01-15 12:00:00,246,208,12,79.875,29.968473017489565,4.2753262712193045
2024-01-06 20:00:00,145,10,140,3.125,1.6153559979150107,4.256027778937753
2024-01-14 13:00:00,246,219,157,110.33333333333333,25.573423705088842,4.249202919398045
2024-01-27 17:00:00,186,283,137,192.11111111111111,21.548108679286006,4.21795203661004
2024-01-22 09:00:00,7,9,9,2.857142857142857,1.4568627181693672,4.216496905470956
2024-01-20 23:00:00,230,362,143,181.44444444444446,43.11512008851319,4.187754903265583
2024-01-15 00:00:00,50,16,0,6.5,2.29128784747792,4.1461399144838555
2024-01-15 14:00:00,246,263,14,99.625,39.442798772399506,4.142074221019105
2024-01-05 08:00:00,41,52,104,17.88888888888889,8.238722183074056,4.140340013065409
2024-01-05 08:00:00,39,8,104,2.857142857142857,1.2453996981544782,4.129483209670111
2024-01-01 15:00:00,232,20,15,5.75,3.4550687402713134,4.124375250166803
2024-01-05 13:00:00,238,227,109,140.66666666666666,20.97617696340303,4.115780176910141
2024-01-16 06:00:00,226,10,30,3.5,1.5811388300841898,4.110960958218893
2024-01-14 11:00:00,246,132,155,68.0,15.570627618835552,4.110303166108743
2024-01-15 03:00:00,125,16,3,6.625,2.2878756522153907,4.097687735311148
2024-01-14 10:00:00,7,8,154,2.625,1.3169567191065923,4.081379381735746
2024-01-01 15:00:00,88,40,15,19.0,5.1478150704935,4.0794006219005094
2024-01-21 18:00:00,145,8,162,2.5555555555555554,1.3425606637327303,4.055268854151603
2024-01-04 16:00:00,238,288,88,154.11111111111111,33.03346600862843,4.053128692396879
2024-01-10 07:00:00,42,24,55,9.333333333333334,3.6209268304000717,4.050528318752623
2024-01-26 11:00:00,226,7,107,2.3333333333333335,1.1547005383792515,4.04145188432738
2024-01-02 10:00:00,50,90,34,33.25,14.051245496396396,4.038787879306087
2024-01-05 10:00:00,166,49,106,20.444444444444443,7.072813539039799,4.0373686366730155
2024-01-30 07:00:00,224,15,31,6.125,2.2043990110685496,4.026040637578573
2024-01-09 14:00:00,179,6,38,1.5,1.118033988749895,4.024922359499621
2024-01-28 03:00:00,25,7,147,2.5,1.118033988749895,4.024922359499621
2024-01-04 19:00:00,152,11,91,3.6666666666666665,1.8257418583505538,4.016632088371218
2024-01-29 12:00:00,166,42,12,23.5,4.6097722286464435,4.013213469645139
2024-01-01 04:00:00,186,66,4,13.75,13.045593125649749,4.0051839342795414
2024-01-17 08:00:00,33,15,56,4.0,2.748737083745107,4.001837813099494
2024-01-22 11:00:00,193,7,11,3.0,1.0,4.0
2024-01-04 07:00:00,71,6,79,2.0,1.0,4.0
2024-01-15 03:00:00,263,9,3,5.0,1.0,4.0
2024-01-26 07:00:00,42,33,103,10.11111111111111,5.724109721062781,3.998681018406329
2024-01-05 05:00:00,238,27,101,12.11111111111111,3.7251232476089355,3.9968849080216873
2024-01-15 00:00:00,4,7,0,2.1666666666666665,1.2133516482134197,3.9834563545119823
2024-01-15 02:00:00,158,10,2,2.7142857142857144,1.8294640678379568,3.9824309281594545
2024-01-25 08:00:00,42,19,80,7.0,3.018461712712472,3.975534938694476
2024-01-01 15:00:00,12,12,15,4.625,1.8666480653835098,3.950932228076308
2024-01-17 08:00:00,116,23,56,10.0,3.2998316455372216,3.939594923753622
2024-01-15 02:00:00,164,15,2,8.25,1.713913650100261,3.938354770443153
2024-01-26 05:00:00,74,7,101,2.625,1.1110243021644486,3.9378076532410837
2024-01-02 04:00:00,186,20,28,7.75,3.112474899497183,3.9357747116222446
2024-01-01 05:00:00,74,10,5,4.0,1.5275252316519468,3.9279220242478625
2024-01-17 08:00:00,188,6,56,1.875,1.0532687216470449,3.916379472039716
2024-01-20 10:00:00,4,7,130,2.875,1.0532687216470449,3.916379472039716
2024-01-15 00:00:00,231,23,0,8.25,3.766629793329841,3.9159675384398347
2024-01-04 15:00:00,166,78,87,39.333333333333336,9.888264649460883,3.9103592022868043
2024-01-17 09:00:00,76,7,57,2.4444444444444446,1.1653431646335017,3.9091966159069282
2024-01-15 01:00:00,263,23,1,9.625,3.42554740151118,3.904485453653223
2024-01-08 19:00:00,152,7,19,2.8333333333333335,1.0671873729054748,3.904344047215151
2024-01-12 23:00:00,143,75,119,32.22222222222222,10.982590038356948,3.895053682999676
2024-01-01 15:00:00,45,17,15,9.0,2.0615528128088303,3.8805700005813275
2024-01-18 07:00:00,225,7,79,2.4285714285714284,1.178030178747903,3.880570000581327
2024-01-02 10:00:00,42,8,34,3.4285714285714284,1.178030178747903,3.880570000581327
2024-01-20 23:00:00,80,8,143,2.5714285714285716,1.3997084244475304,3.878358759406699
2024-01-15 08:00:00,230,203,8,101.0,26.32964109136317,3.873960896240957
2024-01-14 23:00:00,209,13,167,5.142857142857143,2.0303814862216996,3.8697864960166046
2024-01-16 07:00:00,158,40,31,16.0,6.224949798994366,3.8554527787319945
2024-01-04 15:00:00,143,152,87,91.88888888888889,15.616547096265439,3.8491934702701447
2024-01-24 00:00:00,68,125,48,62.22222222222222,16.314804304869025,3.8479025923125687
2024-01-10 05:00:00,42,8,53,3.125,1.2686114456365274,3.8427841848407436
2024-01-20 10:00:00,226,12,130,3.25,2.277608394786075,3.841749099639162
2024-01-08 20:00:00,152,7,20,2.4,1.2,3.833333333333333
2024-01-05 11:00:00,239,239,107,173.11111111111111,17.207520606760834,3.8290751116695536
2024-01-25 19:00:00,244,8,91,2.125,1.5360257159305635,3.8248057562244493
2024-01-12 19:00:00,232,18,115,8.444444444444445,2.499382639822665,3.823166330479729
2024-01-11 11:00:00,42,11,83,3.5555555555555554,1.9499920860871383,3.8176793113978715
2024-01-07 05:00:00,75,11,149,3.5555555555555554,1.9499920860871385,3.817679311397871
2024-01-27 22:00:00,41,26,142,10.333333333333334,4.109609335312651,3.812203396572919
2024-01-06 12:00:00,152,8,132,3.111111111111111,1.286204100310025,3.801021072557985
2024-01-03 09:00:00,152,8,57,3.0,1.3228756555322954,3.779644730092272
2024-01-06 19:00:00,226,8,139,2.75,1.3919410907075054,3.771711342562273
2024-01-20 19:00:00,226,8,139,2.75,1.3919410907075054,3.771711342562273
2024-01-14 04:00:00,7,8,148,2.6666666666666665,1.4142135623730951,3.7712361663282534
2024-01-05 11:00:00,41,31,107,13.11111111111111,4.747969026493666,3.7676928364673175
2024-01-02 06:00:00,42,9,30,3.375,1.4947825928876748,3.7630890450319083
2024-01-01 07:00:00,145,14,7,3.0,2.9277002188455996,3.757215280851853
2024-01-17 08:00:00,41,39,56,19.88888888888889,5.086899174337598,3.7569274436424633
2024-01-15 01:00:00,68,30,1,15.0,4.0,3.75
2024-01-18 12:00:00,76,6,84,2.0,1.0690449676496976,3.7416573867739413
2024-01-29 17:00:00,12,7,17,2.3333333333333335,1.247219128924647,3.7416573867739413
2024-01-04 18:00:00,24,36,90,15.222222222222221,5.573304979548645,3.728089141725108
2024-01-05 13:00:00,239,274,109,210.11111111111111,17.175204636946475,3.7198327612035653
2024-01-18 22:00:00,186,319,94,179.55555555555554,37.49995884771404,3.718522599203995
2024-01-05 06:00:00,24,12,102,4.555555555555555,2.006163342807532,3.7107867966654657
2024-01-13 16:00:00,230,350,136,208.33333333333334,38.24191998899172,3.7044862472241635
2024-01-15 03:00:00,230,25,3,15.25,2.6339134382131846,3.7017161834347463
2024-01-18 13:00:00,61,6,85,1.8571428571428572,1.1248582677159729,3.6830036830055244
2024-01-11 11:00:00,65,6,83,2.125,1.0532687216470449,3.679023140400945
2024-01-07 02:00:00,132,40,146,12.555555555555555,7.470105028431827,3.6739034243814053
2024-01-21 05:00:00,157,7,149,2.6,1.2,3.666666666666667
2024-01-09 10:00:00,76,8,34,2.5,1.5,3.6666666666666665
2024-01-08 12:00:00,42,9,12,4.25,1.299038105676658,3.65655170486763
2024-01-14 23:00:00,107,108,167,44.0,17.50555467400118,3.6559824119741395
2024-01-05 07:00:00,152,12,103,5.333333333333333,1.8257418583505538,3.6514837167011076
2024-01-15 12:00:00,146,6,12,2.0,1.0954451150103321,3.6514837167011076
2024-01-05 07:00:00,166,55,103,19.88888888888889,9.631481303453038,3.645452864921539
2024-01-06 09:00:00,146,10,129,3.142857142857143,1.8844151368961315,3.638870609178736
2024-01-05 10:00:00,238,247,106,138.22222222222223,29.902722944678015,3.6377214870707175
2024-01-05 17:00:00,142,428,113,272.0,42.946995755750415,3.632384460305638
2024-01-28 00:00:00,45,29,144,14.222222222222221,4.0764302950764755,3.6251761242247715
2024-01-23 06:00:00,76,9,30,2.875,1.6909686573085854,3.622184227677407
2024-01-15 02:00:00,107,19,2,7.75,3.112474899497183,3.614486980061245
2024-01-15 01:00:00,246,36,1,20.375,4.328322423295196,3.6099436391119233
2024-01-01 15:00:00,10,6,15,2.2857142857142856,1.0301575072754257,3.605551275463989
2024-01-02 08:00:00,35,6,32,2.2857142857142856,1.0301575072754257,3.605551275463989
2024-01-14 22:00:00,48,212,166,116.77777777777777,26.4439775869154,3.600903907486997
2024-01-05 08:00:00,116,23,104,8.125,4.136348026943574,3.5961674170322215
2024-01-12 07:00:00,188,6,103,2.1666666666666665,1.0671873729054748,3.5919965234379396
2024-01-06 17:00:00,7,8,137,2.6666666666666665,1.4907119849998598,3.577708763999664
2024-01-28 10:00:00,145,8,154,3.125,1.3635890143294642,3.575124138410024
2024-01-06 18:00:00,145,9,138,3.2222222222222223,1.617802197617893,3.5713746626659146
2024-01-09 08:00:00,7,9,32,3.375,1.5761900266148114,3.5687321357316484
2024-01-15 03:00:00,246,35,3,16.5,5.196152422706632,3.560326660002692
2024-01-27 02:00:00,232,24,122,11.555555555555555,3.4995590551163605,3.5560035560053342
2024-01-05 20:00:00,74,15,116,6.888888888888889,2.282515398241571,3.5535843996320184
2024-01-26 21:00:00,261,36,117,19.0,4.784233364802441,3.55333837288725
2024-01-18 06:00:00,211,7,78,2.75,1.1989578808281798,3.5447450389702713
2024-01-14 13:00:00,226,9,157,3.7777777777777777,1.4740554623801778,3.5427582987887223
2024-01-05 06:00:00,116,8,102,2.111111111111111,1.6629588385661962,3.5412114553396234
2024-01-04 19:00:00,24,27,91,13.777777777777779,3.7350525142159134,3.540036497986941
2024-01-06 10:00:00,24,29,130,13.0,4.521553322083512,3.5386069477175313
2024-01-05 08:00:00,166,65,104,26.22222222222222,10.98259003835695,3.5308408710828223
2024-01-01 17:00:00,186,282,17,165.75,32.93079865414746,3.530129992318268
2024-01-16 10:00:00,244,8,34,2.857142857142857,1.456862718169367,3.5300904324873126
2024-01-21 18:00:00,82,6,162,2.4,1.019803902718557,3.5300904324873126
2024-01-04 22:00:00,152,8,94,2.857142857142857,1.4568627181693672,3.530090432487312
2024-01-07 15:00:00,146,8,159,2.875,1.4523687548277813,3.5287181598778687
2024-01-01 04:00:00,151,10,4,3.25,1.920286436967152,3.5151005964822444
2024-01-01 06:00:00,79,55,6,22.375,9.299697575727933,3.5081785976729765
2024-01-13 02:00:00,138,15,122,3.5,3.278719262151,3.5074671176499073
2024-01-05 10:00:00,239,261,106,167.55555555555554,26.64211833048946,3.5073954437589094
2024-01-02 07:00:00,132,323,31,156.5,47.47630988187688,3.5070122428271957
2024-01-05 09:00:00,166,45,105,21.555555555555557,6.685159536218366,3.5069386627841643
2024-01-27 06:00:00,75,17,126,8.555555555555555,2.4088314876309775,3.5056185905097634
2024-01-06 22:00:00,230,486,142,204.0,80.53570636680354,3.5015524507305886
2024-01-31 02:00:00,138,12,50,5.0,2.0,3.5
2024-01-03 02:00:00,138,12,50,5.0,2.0,3.5
2024-01-14 23:00:00,211,38,167,18.77777777777778,5.492980930803678,3.499415429321328
2024-01-04 17:00:00,244,12,89,5.111111111111111,1.9688939051854832,3.4988624174952223
2024-01-15 00:00:00,148,46,0,19.875,7.473912964438374,3.4954916018296394
2024-01-16 19:00:00,224,12,43,4.25,2.222048604328897,3.487772492870674
2024-01-16 10:00:00,48,130,34,98.875,8.936407275857563,3.482943317062858
2024-01-26 21:00:00,186,325,117,167.88888888888889,45.11330043948469,3.4825896039652675
2024-01-09 18:00:00,25,8,42,2.5,1.5811388300841898,3.478505426185217
2024-01-06 07:00:00,226,9,127,2.875,1.7633419974582356,3.473517904540846
2024-01-16 11:00:00,132,173,35,109.125,18.421709339797978,3.4673763884660493
2024-01-15 15:00:00,223,6,15,2.0,1.1547005383792515,3.464101615137755
2024-01-26 10:00:00,42,9,106,5.0,1.1547005383792515,3.464101615137755
2024-01-14 22:00:00,249,183,166,114.66666666666667,19.75966711370524,3.4582229012318506
2024-01-27 11:00:00,226,11,131,3.5,2.179449471770337,3.4412360080584263
2024-01-31 06:00:00,91,6,54,2.25,1.0897247358851685,3.4412360080584263
2024-01-22 06:00:00,74,17,6,7.625,2.7357585785299112,3.426837467887154
2024-01-04 21:00:00,152,7,93,2.5714285714285716,1.2936264483053452,3.423377308320243
2024-01-03 14:00:00,88,32,62,21.22222222222222,3.154459903684087,3.4166792753302824
2024-01-27 16:00:00,226,8,136,3.25,1.3919410907075054,3.412500738508723
2024-01-15 02:00:00,246,30,2,15.375,4.29934588047996,3.401680257083045
2024-01-01 05:00:00,142,27,5,11.0,4.716990566028302,3.391993216020352
2024-01-13 15:00:00,70,49,135,19.444444444444443,8.744663275533776,3.3798391801142826
2024-01-03 00:00:00,132,307,48,170.55555555555554,40.39282420076096,3.377937718994008
2024-01-27 23:00:00,230,327,143,181.44444444444446,43.11512008851319,3.375974722017178
2024-01-17 09:00:00,145,16,57,5.444444444444445,3.130889511912305,3.3714238446914613
2024-01-14 23:00:00,148,85,167,38.44444444444444,13.809104171693809,3.3713668154510783
2024-01-01 06:00:00,42,10,6,4.75,1.5612494995995996,3.36269122990683
2024-01-15 14:00:00,24,25,14,14.375,3.1598061649411346,3.362548031549251
2024-01-12 23:00:00,239,239,119,108.66666666666667,38.80435256228066,3.3587297487865415
2024-01-15 16:00:00,246,297,16,123.25,51.760868423935854,3.3567829383568175
2024-01-15 01:00:00,162,24,1,10.125,4.136348026943574,3.3544082629460217
2024-01-29 08:00:00,76,8,8,2.7142857142857144,1.577908716741037,3.349822603573186
2024-01-09 18:00:00,152,13,42,4.285714285714286,2.602981022612657,3.347809929685556
2024-01-25 07:00:00,76,7,79,3.0,1.1952286093343936,3.3466401061363023
2024-01-14 22:00:00,230,284,166,142.625,42.28456426404321,3.343418631848563
2024-01-05 22:00:00,181,12,118,5.875,1.8328597873268975,3.3417722634053204
2024-01-05 11:00:00,238,231,107,138.33333333333334,27.756881028754734,3.3385115053333494
2024-01-15 01:00:00,231,8,1,2.875,1.5360257159305635,3.3365326809617537
2024-01-01 04:00:00,140,13,4,5.0,2.3979157616563596,3.3362306249131963
2024-01-14 18:00:00,246,168,162,109.55555555555556,17.525290367612623,3.334863116017291
2024-01-08 23:00:00,142,261,23,97.75,48.98660531206465,3.332543640450914
2024-01-05 11:00:00,151,90,107,55.333333333333336,10.424330514074592,3.3255532928336127
2024-01-15 00:00:00,263,39,0,14.75,7.292976072907411,3.3251171754266453
2024-01-30 00:00:00,100,102,24,36.125,19.826986029147243,3.3224918756264077
2024-01-16 16:00:00,42,12,40,4.875,2.1469455046647083,3.3186683055156174
2024-01-16 06:00:00,188,8,30,2.5,1.6583123951777,3.3166247903554
2024-01-09 17:00:00,116,6,41,2.3333333333333335,1.1055415967851334,3.3166247903553994
2024-01-25 06:00:00,48,119,78,69.44444444444444,14.945167268764777,3.315824752201073
2024-01-17 17:00:00,137,139,65,94.33333333333333,13.474255287605157,3.3149636631684665
2024-01-28 13:00:00,224,24,157,8.11111111111111,4.7945442245314265,3.313951888814149
2024-01-04 18:00:00,100,237,90,128.66666666666666,32.71764729384502,3.311159031710494
2024-01-14 22:00:00,246,77,166,50.888888888888886,7.922463764433728,3.2958321915376345
2024-01-03 05:00:00,132,120,53,59.44444444444444,18.39753069850596,3.2915045256846995
2024-01-02 06:00:00,132,210,30,130.875,24.043905152865662,3.290854771591441
2024-01-22 14:00:00,193,7,14,2.375,1.4086784586980805,3.283219084839621
2024-01-01 15:00:00,41,16,15,11.375,1.4086784586980805,3.283219084839621
2024-01-09 15:00:00,33,9,39,3.2857142857142856,1.749635530559413,3.265986323710904
2024-01-23 17:00:00,209,22,41,12.25,2.9895651857753496,3.261343839027654
2024-01-05 10:00:00,116,10,106,3.6666666666666665,1.9436506316151,3.2584731177076685
2024-01-04 16:00:00,125,49,88,29.333333333333332,6.036923425424944,3.2577300192079734
2024-01-01 05:00:00,230,60,5,27.0,10.14889156509222,3.2515866179421673
2024-01-05 03:00:00,142,8,99,3.875,1.2686114456365274,3.2515866179421673
2024-01-01 14:00:00,65,7,14,2.875,1.2686114456365274,3.2515866179421673
2024-01-17 08:00:00,4,11,56,5.625,1.653594569415369,3.250494467879354
2024-01-24 03:00:00,237,7,51,3.111111111111111,1.1967032904743342,3.2496684180984077
2024-01-28 02:00:00,41,6,146,2.111111111111111,1.1967032904743342,3.2496684180984077
2024-01-02 17:00:00,12,10,41,3.3333333333333335,2.0548046676563256,3.2444284226152504
2024-01-24 00:00:00,164,179,48,73.77777777777777,32.5193199934978,3.2356833489526005
2024-01-12 19:00:00,116,6,115,2.5555555555555554,1.0657403385139377,3.231973417884659
2024-01-17 14:00:00,7,6,62,2.5555555555555554,1.0657403385139377,3.231973417884659
2024-01-27 15:00:00,246,303,135,176.22222222222223,39.406084633884134,3.2172132541370346
2024-01-15 00:00:00,107,42,0,18.0,7.466592261534039,3.21431774487564
2024-01-19 09:00:00,75,65,105,36.22222222222222,8.953928719069236,3.2139833452649196
2024-01-05 12:00:00,143,115,108,73.66666666666667,12.87547194388531,3.210238313086686
2024-01-05 17:00:00,152,13,113,7.0,1.8708286933869707,3.2071349029490928
2024-01-02 11:00:00,232,9,35,3.75,1.6393596310755,3.2024699769846983
2024-01-29 12:00:00,152,6,12,2.2857142857142856,1.1605769149479945,3.2003787654626508
2024-01-03 14:00:00,66,5,62,1.7142857142857142,1.0301575072754254,3.1895261282950678
2024-01-27 02:00:00,37,5,122,1.7142857142857142,1.0301575072754254,3.1895261282950678
2024-01-08 16:00:00,7,5,16,1.7142857142857142,1.0301575072754257,3.189526128295067
2024-01-01 16:00:00,7,5,16,1.7142857142857142,1.0301575072754257,3.189526128295067
2024-01-22 16:00:00,7,5,16,1.7142857142857142,1.0301575072754257,3.189526128295067
2024-01-29 05:00:00,41,6,5,2.7142857142857144,1.0301575072754257,3.189526128295067
2024-01-13 22:00:00,255,13,142,3.7142857142857144,2.9137254363387344,3.18688719599549
2024-01-15 16:00:00,186,248,16,153.0,29.82029510249689,3.185749828211644
2024-01-01 15:00:00,74,20,15,10.75,2.9047375096555625,3.1844529735483205
2024-01-21 06:00:00,74,13,150,5.888888888888889,2.23330569358242,3.1841190086719653
2024-01-01 14:00:00,116,7,14,2.5,1.4142135623730951,3.181980515339464
2024-01-01 15:00:00,244,13,15,5.25,2.436698586202241,3.180532891463978
2024-01-06 07:00:00,116,6,127,2.3333333333333335,1.1547005383792515,3.1754264805429417
2024-01-11 08:00:00,33,10,80,5.125,1.5360257159305635,3.173774989207522
2024-01-18 08:00:00,52,10,80,4.875,1.6153559979150107,3.172675253389961
2024-01-17 05:00:00,230,37,53,20.77777777777778,5.115939748098373,3.1709173721704063
2024-01-21 17:00:00,230,322,161,230.5,28.85740806101615,3.1707629391569836
2024-01-14 23:00:00,144,54,167,24.444444444444443,9.322745317068014,3.1702631092415947
2024-01-26 06:00:00,237,73,102,34.44444444444444,12.175668917157978,3.166606764514021
2024-01-26 11:00:00,244,6,107,2.6666666666666665,1.0540925533894598,3.162277660168379
2024-01-05 08:00:00,100,88,104,60.44444444444444,8.719213918583755,3.1603256684441288
2024-01-23 22:00:00,181,15,46,4.125,3.4437443284889775,3.157899937586731
2024-01-08 18:00:00,152,11,18,5.333333333333333,1.7950549357115015,3.1568207490098814
2024-01-01 04:00:00,236,12,4,4.875,2.2603926650031405,3.152107202573187
2024-01-08 18:00:00,238,245,18,133.125,35.49801931094184,3.15158429038084
2024-01-01 06:00:00,145,10,6,2.7142857142857144,2.3123448651769496,3.1507905223975987
2024-01-14 19:00:00,230,207,163,161.5,14.44818327679989,3.1491848579372212
2024-01-05 09:00:00,142,230,105,132.44444444444446,30.9914364914321,3.1478229665967814
2024-01-01 04:00:00,244,8,4,2.6666666666666665,1.699673171197595,3.1378581622109447
2024-01-28 03:00:00,36,9,147,2.857142857142857,1.958758457257441,3.136097317204733
2024-01-21 02:00:00,145,6,146,2.5,1.118033988749895,3.1304951684997055
2024-01-18 07:00:00,7,6,79,2.5,1.118033988749895,3.1304951684997055
2024-01-01 01:00:00,260,6,1,2.5,1.118033988749895,3.1304951684997055
2024-01-04 09:00:00,146,6,81,2.5,1.118033988749895,3.1304951684997055
2024-01-17 19:00:00,42,8,67,3.142857142857143,1.5518257844571737,3.1299537008543
2024-01-27 13:00:00,246,258,133,133.44444444444446,39.81655465621502,3.1282353943226853
2024-01-01 16:00:00,10,7,16,3.25,1.1989578808281798,3.127716210856122
2024-01-14 15:00:00,226,8,159,4.25,1.1989578808281798,3.127716210856122
2024-01-08 23:00:00,152,6,23,2.25,1.1989578808281798,3.127716210856122
2024-01-10 11:00:00,146,6,59,2.25,1.1989578808281798,3.127716210856122
2024-01-16 23:00:00,226,6,47,2.25,1.1989578808281798,3.127716210856122
2024-01-18 18:00:00,97,6,90,2.25,1.1989578808281798,3.127716210856122
2024-01-14 16:00:00,146,6,160,2.25,1.1989578808281798,3.127716210856122
2024-01-27 22:00:00,143,123,142,54.888888888888886,21.778911535113984,3.1273882076841195
2024-01-05 02:00:00,143,5,98,1.7777777777777777,1.0304020550550783,3.127150422899714
2024-01-01 04:00:00,87,9,4,2.3333333333333335,2.134374745810949,3.1234752377721215
2024-01-16 07:00:00,116,20,31,7.75,3.929058411375428,3.117795338581311
2024-01-01 04:00:00,74,12,4,3.25,2.817356917396161,3.1057477829563984
2024-01-26 07:00:00,152,11,103,5.333333333333333,1.8257418583505538,3.1037611591959413
2024-01-01 05:00:00,137,15,5,6.875,2.6190408549696205,3.1022807393717597
2024-01-23 22:00:00,97,12,46,4.428571428571429,2.4411439272335804,3.1015904006974595
2024-01-08 11:00:00,24,17,11,11.25,1.8540496217739157,3.1013193673309134
2024-01-25 06:00:00,162,114,78,65.11111111111111,15.800453189312462,3.0941447250359677
2024-01-25 05:00:00,170,21,77,14.333333333333334,2.160246899469287,3.0860669992418375
2024-01-17 00:00:00,132,295,48,170.55555555555554,40.39282420076096,3.080855248593884
2024-01-20 22:00:00,230,452,142,204.0,80.53570636680354,3.0793794602169715
2024-01-28 14:00:00,137,68,158,41.22222222222222,8.753129951658279,3.0592231493952324
2024-01-15 17:00:00,68,260,17,153.375,34.89963287772523,3.055189731467165
2024-01-15 01:00:00,148,26,1,9.0,5.5677643628300215,3.0532901344551737
2024-01-11 06:00:00,48,115,78,69.44444444444444,14.945167268764777,3.0481797049382062
2024-01-31 11:00:00,33,7,59,2.4444444444444446,1.4989708403591155,3.039122198310515
2024-01-26 06:00:00,162,114,102,59.22222222222222,18.029468333677002,3.038235890487081
2024-01-04 06:00:00,116,6,78,2.625,1.1110243021644486,3.0377373325002646
2024-01-06 08:00:00,211,13,128,7.444444444444445,1.8324913891634047,3.031695312954162
2024-01-21 13:00:00,146,6,157,2.4285714285714284,1.178030178747903,3.031695312954162
2024-01-16 10:00:00,42,7,34,3.4285714285714284,1.178030178747903,3.031695312954162
2024-01-09 06:00:00,76,8,30,2.875,1.6909686573085854,3.0308072109137485
2024-01-17 08:00:00,49,6,56,2.0,1.3228756555322954,3.0237157840738176
2024-01-17 11:00:00,224,12,59,7.777777777777778,1.3966450099973928,3.023117679867774
2024-01-15 00:00:00,141,29,0,16.375,4.181432170919432,3.019300441557553
2024-01-06 15:00:00,152,10,135,3.888888888888889,2.0245407953653998,3.018517149716484
2024-01-26 07:00:00,162,184,103,97.66666666666667,28.61235164516658,3.0173449006914264
2024-01-05 09:00:00,143,146,105,78.88888888888889,22.25331158599119,3.01578085813343
2024-01-14 22:00:00,10,5,166,1.6666666666666667,1.1055415967851332,3.015113445777636
2024-01-29 10:00:00,89,5,10,1.6666666666666667,1.1055415967851332,3.015113445777636
2024-01-29 09:00:00,224,12,9,7.0,1.6583123951777,3.015113445777636
2024-01-04 16:00:00,100,187,88,94.77777777777777,30.58967791693349,3.0148150782316963
2024-01-15 00:00:00,234,58,0,25.5,10.793516572461451,3.0110668549785164
2024-01-05 06:00:00,142,57,102,29.333333333333332,9.201449161228174,3.0067727574092067
2024-01-04 17:00:00,143,192,89,100.44444444444444,30.459850116765224,3.0057782689207326
2024-01-15 01:00:00,107,24,1,10.875,4.3714271125114275,3.0024519824281275
2024-01-10 16:00:00,70,49,64,24.0,8.32666399786453,3.002402883845384
2024-01-14 23:00:00,48,137,167,89.0,15.993054047860207,3.0013029316575195
2024-01-05 11:00:00,42,8,107,3.888888888888889,1.3698697784375504,3.0010962909191066
2024-01-01 07:00:00,80,5,7,2.0,1.0,3.0
2024-01-01 12:00:00,74,15,12,10.5,1.5,3.0
2024-01-13 19:00:00,7,5,139,2.0,1.0,3.0
2024-01-18 07:00:00,243,5,79,2.0,1.0,3.0
2024-01-19 18:00:00,112,5,114,2.0,1.0,3.0
2024-01-06 06:00:00,193,5,126,2.0,1.0,3.0
2024-01-01 07:00:00,243,5,7,2.0,1.0,3.0
2024-01-15 11:00:00,152,1,11,4.0,1.0,-3.0
2024-01-31 22:00:00,12,2,70,5.0,1.0,-3.0
2024-01-22 03:00:00,263,2,3,5.0,1.0,-3.0
2024-01-20 13:00:00,87,18,133,35.44444444444444,5.813989089756057,-3.000426071521296
2024-01-10 17:00:00,148,17,65,25.22222222222222,2.739739556875101,-3.0010962909191066
2024-01-10 01:00:00,186,12,49,25.77777777777778,4.589305872902974,-3.002148507713786
2024-01-28 22:00:00,161,49,166,123.88888888888889,24.924082260801697,-3.004679895743533
2024-01-30 11:00:00,261,13,35,31.75,6.239991987174342,-3.0048115508062647
2024-01-15 15:00:00,13,16,15,40.25,8.0583807306431,-3.0092894355048334
2024-01-07 09:00:00,246,8,153,26.0,5.981452814975453,-3.0093023479069054
2024-01-09 13:00:00,68,128,37,172.625,14.82344005283524,-3.0104348141148716
2024-01-06 20:00:00,246,63,140,118.33333333333333,18.37873166945363,-3.0107264379565484
2024-01-22 11:00:00,209,1,11,6.625,1.8666480653835098,-3.013422885820913
2024-01-05 20:00:00,246,64,116,142.44444444444446,26.013291949015052,-3.01555237984459
2024-01-26 20:00:00,43,88,116,135.88888888888889,15.877618380352223,-3.0161254504106894
2024-01-03 22:00:00,48,120,70,277.0,52.04698731808488,-3.016505048418948
2024-01-21 19:00:00,209,3,163,9.88888888888889,2.282515398241571,-3.01811277776966
2024-01-20 11:00:00,230,139,131,211.66666666666666,24.073960113690383,-3.0184758271383263
2024-01-01 21:00:00,142,73,21,224.625,50.22682923498158,-3.018804935717452
2024-01-27 09:00:00,163,54,129,95.22222222222223,13.636371118591288,-3.022961304274088
2024-01-06 03:00:00,238,1,123,5.222222222222222,1.3966450099973928,-3.023117679867774
2024-01-20 03:00:00,161,3,123,13.666666666666666,3.5276684147527875,-3.0237157840738176
2024-01-16 19:00:00,132,233,43,337.75,34.63650530870573,-3.024265845136275
2024-01-29 10:00:00,209,1,10,5.125,1.3635890143294642,-3.0251050401930977
2024-01-15 10:00:00,209,1,10,5.125,1.3635890143294642,-3.0251050401930977
2024-01-01 07:00:00,125,5,7,17.285714285714285,4.060762972443398,-3.0254694423402553
2024-01-02 19:00:00,151,17,43,42.25,8.332916656249479,-3.030151511363447
2024-01-07 21:00:00,113,38,165,79.22222222222223,13.595569358171048,-3.0320335350609895
2024-01-01 21:00:00,229,28,21,94.375,21.85713556255714,-3.036765719370163
2024-01-16 18:00:00,186,172,42,227.5,18.261982367749674,-3.039100513973334
2024-01-02 20:00:00,158,15,44,63.5,15.945218719101975,-3.0416641411069643
2024-01-03 06:00:00,161,17,54,50.333333333333336,10.954451150103322,-3.0429030972509232
2024-01-01 13:00:00,43,73,13,156.125,27.296691649355605,-3.045240832398176
2024-01-31 15:00:00,68,132,63,186.0,17.73258143769385,-3.0452419006074947
2024-01-18 00:00:00,142,21,72,48.666666666666664,9.079892314584157,-3.047025857589562
2024-01-12 19:00:00,100,63,115,105.33333333333333,13.888444437333106,-3.0480975406819772
2024-01-06 22:00:00,163,116,142,155.77777777777777,13.036510932145557,-3.051259496104386
2024-01-02 21:00:00,158,23,45,77.875,17.98219605609949,-3.0516295022479536
2024-01-07 07:00:00,186,12,151,35.111111111111114,7.563721077830003,-3.0555213331242492
2024-01-10 12:00:00,162,180,60,234.88888888888889,17.947110225105845,-3.0583691859264306
2024-01-05 11:00:00,261,18,107,35.0,5.557777333511022,-3.058776733910743
2024-01-09 13:00:00,261,20,37,38.375,5.998697775350913,-3.063164821455786
2024-01-19 15:00:00,246,76,111,129.33333333333334,17.410086476267463,-3.0633583242699345
2024-01-11 16:00:00,48,82,88,124.22222222222223,13.782257336298382,-3.0635200890511167
2024-01-07 17:00:00,141,89,161,136.44444444444446,15.485556791274973,-3.0637867972029316
2024-01-12 13:00:00,230,128,109,179.33333333333334,16.73320053068151,-3.0677534306249443
2024-01-02 22:00:00,68,62,46,180.75,38.703197542322,-3.068221943940076
2024-01-01 17:00:00,143,24,17,80.25,18.32177666057525,-3.070117109387028
2024-01-19 14:00:00,144,34,110,61.0,8.793937305515279,-3.070297076494559
2024-01-12 16:00:00,158,39,112,53.888888888888886,4.840671313509326,-3.075790096992753
2024-01-02 16:00:00,162,186,40,289.125,33.52774038016878,-3.075811218730299
2024-01-15 21:00:00,238,35,21,66.875,10.34936592260608,-3.0798988303597965
2024-01-01 11:00:00,262,48,11,90.375,13.747158797366094,-3.082455118516482
2024-01-31 14:00:00,158,33,62,48.77777777777778,5.115939748098373,-3.0840429236177926
2024-01-03 19:00:00,41,3,67,9.666666666666666,2.160246899469287,-3.0860669992418375
2024-01-26 12:00:00,151,33,108,63.0,9.7182531580755,-3.086974532565159
2024-01-25 01:00:00,237,9,73,18.444444444444443,3.0590888662080453,-3.0873390272416286
2024-01-07 14:00:00,246,51,158,124.0,23.640830968662858,-3.087877921751789
2024-01-25 04:00:00,230,8,76,26.333333333333332,5.92546294487706,-3.093991727546565
2024-01-26 15:00:00,209,6,111,14.222222222222221,2.657391276244755,-3.0940954370262355
2024-01-03 11:00:00,48,86,59,106.0,6.4635731432217725,-3.09426373877638
2024-01-10 11:00:00,48,86,59,106.0,6.4635731432217725,-3.09426373877638
2024-01-01 09:00:00,238,30,9,131.0,32.63433774416144,-3.0948996358312724
2024-01-19 13:00:00,211,16,109,42.666666666666664,8.602325267042627,-3.099937033168514
2024-01-21 19:00:00,161,96,163,208.22222222222223,36.18402894395929,-3.101429705244503
2024-01-17 01:00:00,100,12,49,22.88888888888889,3.510126444206959,-3.1021357953813
2024-01-15 15:00:00,41,7,15,11.375,1.4086784586980805,-3.1057477829563984
2024-01-12 14:00:00,162,184,110,236.33333333333334,16.83910792042012,-3.1078447611747166
2024-01-07 20:00:00,163,45,164,125.77777777777777,25.990501588840225,-3.1079730224391686
2024-01-19 16:00:00,246,68,112,150.77777777777777,26.632385372273436,-3.10816236025018
2024-01-10 10:00:00,164,74,58,110.11111111111111,11.608851454763535,-3.1106532159383784
2024-01-30 19:00:00,132,230,43,337.75,34.63650530870573,-3.1108796640900582
2024-01-17 14:00:00,87,22,62,30.444444444444443,2.7125679146074893,-3.1130812979723537
2024-01-05 11:00:00,125,13,107,24.666666666666668,3.7416573867739413,-3.118047822311618
2024-01-16 14:00:00,132,212,38,301.125,28.5632521782797,-3.120267938808913
2024-01-15 17:00:00,87,15,17,38.25,7.4456363059177155,-3.1226343921097968
2024-01-01 22:00:00,236,23,22,83.625,19.390316526555207,-3.126560616840552
2024-01-07 17:00:00,170,86,161,144.33333333333334,18.654758106177628,-3.1269948932769025
2024-01-19 13:00:00,230,127,109,179.33333333333334,16.73320053068151,-3.127514861091664
2024-01-09 12:00:00,148,10,36,19.375,2.9973947020704497,-3.1277162108561214
2024-01-07 07:00:00,170,11,151,30.77777777777778,6.32065006814573,-3.129073365009104
2024-01-24 16:00:00,45,3,64,9.222222222222221,1.9876159799998132,-3.130495168499705
2024-01-24 14:00:00,226,1,62,4.5,1.118033988749895,-3.1304951684997055
2024-01-22 06:00:00,224,1,6,4.5,1.118033988749895,-3.1304951684997055
2024-01-01 09:00:00,151,14,9,49.625,11.368129793418088,-3.1337608425817005
2024-01-23 22:00:00,186,115,46,208.875,29.939261430436122,-3.1355148896414353
2024-01-01 19:00:00,263,45,19,100.5,17.69180601295413,-3.1370454751404293
2024-01-26 14:00:00,88,14,110,24.22222222222222,3.2584173996922625,-3.1371739615641774
2024-01-13 15:00:00,45,6,135,13.88888888888889,2.5141574442188355,-3.137786341515305
2024-01-02 20:00:00,142,102,44,239.0,43.63771304731723,-3.139486247857403
2024-01-02 16:00:00,142,147,40,223.0,24.19194080680589,-3.141542078286626
2024-01-09 20:00:00,261,9,44,31.75,7.241374178980119,-3.1416688929067504
2024-01-24 18:00:00,148,21,66,34.333333333333336,4.242640687119285,-3.1426968052735456
2024-01-31 11:00:00,100,65,59,88.33333333333333,7.423685817106696,-3.14309278546856
2024-01-07 22:00:00,68,51,166,114.22222222222223,20.098522763724468,-3.145615375092696
2024-01-24 12:00:00,148,7,60,19.88888888888889,4.094561282819617,-3.1478070539496916
2024-01-13 14:00:00,70,4,134,29.88888888888889,8.211704985289725,-3.1526813171278922
2024-01-20 17:00:00,232,4,137,16.444444444444443,3.9471821485181358,-3.1527413674376232
2024-01-27 17:00:00,232,4,137,16.444444444444443,3.9471821485181358,-3.1527413674376232
2024-01-16 15:00:00,88,9,39,25.125,5.109733358992424,-3.1557419667744955
2024-01-02 00:00:00,48,31,24,62.25,9.896337706444744,-3.157733792739229
2024-01-28 20:00:00,164,52,164,122.66666666666667,22.37061564741669,-3.158905761935394
2024-01-03 16:00:00,263,68,64,118.88888888888889,16.09999616593774,-3.1608013048197443
2024-01-01 09:00:00,211,1,9,12.875,3.75624480032918,-3.1614020467886785
2024-01-24 22:00:00,65,1,70,4.333333333333333,1.0540925533894596,-3.1622776601683795
2024-01-03 22:00:00,65,1,70,4.333333333333333,1.0540925533894596,-3.1622776601683795
2024-01-31 22:00:00,65,1,70,4.333333333333333,1.0540925533894596,-3.1622776601683795
2024-01-17 22:00:00,65,1,70,4.333333333333333,1.0540925533894596,-3.1622776601683795
2024-01-19 16:00:00,43,170,112,229.11111111111111,18.681211264824015,-3.16420120050861
2024-01-17 12:00:00,87,11,60,25.0,4.422166387140534,-3.1658691180665177
2024-01-28 09:00:00,42,3,153,10.0,2.211083193570267,-3.1658691180665177
2024-01-10 13:00:00,261,24,61,41.77777777777778,5.613035973473372,-3.1672303298595836
2024-01-01 23:00:00,233,2,23,14.75,4.02336923485777,-3.1689858066061203
2024-01-07 18:00:00,246,54,162,109.55555555555556,17.525290367612623,-3.1700219734004667
2024-01-19 16:00:00,186,133,112,203.88888888888889,22.35791902682082,-3.170638949172763
2024-01-01 09:00:00,166,4,9,20.125,5.085211401701998,-3.1709596172546597
2024-01-23 22:00:00,151,8,46,17.375,2.9553976043842223,-3.1721620082836015
2024-01-16 12:00:00,88,7,36,16.375,2.9553976043842223,-3.1721620082836015
2024-01-16 22:00:00,151,8,46,17.375,2.9553976043842223,-3.1721620082836015
2024-01-09 22:00:00,151,8,46,17.375,2.9553976043842223,-3.1721620082836015
2024-01-09 13:00:00,211,20,37,46.25,8.272696053887149,-3.173088897381372
2024-01-01 11:00:00,237,82,11,304.125,69.99363810375911,-3.173502707070608
2024-01-01 18:00:00,50,7,18,30.75,7.479137650825796,-3.175499784708159
2024-01-03 12:00:00,100,70,60,92.66666666666667,7.133644853010899,-3.1774313319087852
2024-01-01 13:00:00,41,3,13,13.75,3.3819373146171707,-3.178651465104663
2024-01-03 01:00:00,162,8,49,21.22222222222222,4.15739709641549,-3.18040877875785
2024-01-10 09:00:00,75,32,57,41.22222222222222,2.8974232912011773,-3.182904703716587
2024-01-01 20:00:00,142,79,20,178.875,31.374501988079427,-3.183317460718483
2024-01-23 12:00:00,13,23,36,37.125,4.428247395979588,-3.1897495186976474
2024-01-23 11:00:00,74,4,35,10.375,1.996089927833914,-3.1937438845342627
2024-01-13 06:00:00,163,6,126,16.0,3.1269438398822866,-3.198010745334156
2024-01-09 11:00:00,186,143,35,223.375,25.114425635478906,-3.20035190796699
2024-01-28 19:00:00,164,64,163,115.88888888888889,16.196326362923198,-3.203744338449087
2024-01-10 01:00:00,142,2,49,14.555555555555555,3.9189315752329774,-3.203821070749146
2024-01-26 17:00:00,114,48,113,74.11111111111111,8.143769867470532,-3.2062682929449315
2024-01-19 17:00:00,152,1,113,7.0,1.8708286933869707,-3.2071349029490928
2024-01-09 19:00:00,209,3,43,11.75,2.7271780286589284,-3.2084447395987397
2024-01-25 16:00:00,48,80,88,124.22222222222223,13.782257336298382,-3.2086341985324855
2024-01-02 01:00:00,170,4,25,13.625,2.9973947020704497,-3.2111219764789514
2024-01-05 20:00:00,209,7,116,16.333333333333332,2.9059326290271157,-3.2118202741878643
2024-01-22 01:00:00,249,12,1,28.625,5.170529469986609,-3.215338022247663
2024-01-03 23:00:00,246,18,71,61.44444444444444,13.508113702603675,-3.216174027027221
2024-01-02 01:00:00,161,5,25,18.875,4.313858481684349,-3.216378112288583
2024-01-02 13:00:00,90,43,37,82.375,12.226380290175829,-3.220495278691658
2024-01-11 01:00:00,142,3,73,15.222222222222221,3.7940824619919713,-3.2213907696158253
2024-01-26 20:00:00,132,177,116,287.55555555555554,34.3158891319106,-3.221701618471226
2024-01-23 16:00:00,43,111,40,193.875,25.71690834839989,-3.222587990642215
2024-01-09 08:00:00,230,48,32,101.375,16.560023399741922,-3.22312346496031
2024-01-23 10:00:00,230,109,34,158.0,15.14100392972672,-3.2362451147507496
2024-01-12 13:00:00,158,26,109,42.44444444444444,5.079613089183316,-3.237341930522572
2024-01-01 19:00:00,142,117,19,188.75,22.151467220028564,-3.2390630962415985
2024-01-20 15:00:00,48,93,135,140.77777777777777,14.74809048112691,-3.239590768643497
2024-01-19 08:00:00,230,58,104,108.11111111111111,15.466411236715837,-3.2399960368409153
2024-01-01 09:00:00,48,40,9,96.125,17.31644810577504,-3.2411381166142434
2024-01-07 04:00:00,48,29,148,84.88888888888889,17.23977600037802,-3.241857022252691
2024-01-30 13:00:00,186,150,37,211.125,18.850978091335207,-3.24253732107916
2024-01-31 07:00:00,70,1,55,8.333333333333334,2.260776661041756,-3.2437230354077373
2024-01-31 09:00:00,230,96,57,146.22222222222223,15.47598697464902,-3.245170876952177
2024-01-07 22:00:00,161,43,166,123.88888888888889,24.924082260801697,-3.2454109259663086
2024-01-24 11:00:00,48,85,59,106.0,6.4635731432217725,-3.248976925715199
2024-01-27 11:00:00,148,18,131,29.666666666666668,3.5901098714230026,-3.249668418098408
2024-01-03 16:00:00,186,110,64,189.88888888888889,24.578420726973057,-3.250367050687539
2024-01-19 17:00:00,261,33,113,50.44444444444444,5.356431463641755,-3.256728768556713
2024-01-16 13:00:00,13,26,37,47.375,6.556247020971678,-3.260249336491914
2024-01-19 19:00:00,100,60,115,105.33333333333333,13.888444437333106,-3.264104453013771
2024-01-04 03:00:00,163,3,75,10.555555555555555,2.3147407395555173,-3.264104453013772
2024-01-28 16:00:00,13,16,160,29.22222222222222,4.0490815907307995,-3.2654867346932877
2024-01-08 00:00:00,211,1,0,9.0,2.449489742783178,-3.2659863237109046
2024-01-10 22:00:00,100,53,70,105.0,15.91644851508443,-3.267060484675225
2024-01-16 11:00:00,100,46,35,88.25,12.910751333675357,-3.2724664047861047
2024-01-09 23:00:00,70,3,47,23.375,6.223694642252301,-3.2737788678890687
2024-01-02 10:00:00,68,84,34,144.0,18.3166590840142,-3.275706542595685
2024-01-10 10:00:00,13,16,58,28.88888888888889,3.9283710065919304,-3.280975464705581
2024-01-20 03:00:00,186,13,123,31.444444444444443,5.619630496178575,-3.2821454109815433
2024-01-03 15:00:00,125,10,63,24.88888888888889,4.532461789860253,-3.2849452635645826
2024-01-30 15:00:00,211,35,39,50.5,4.716990566028302,-3.285993428019716
2024-01-21 07:00:00,170,10,151,30.77777777777778,6.32065006814573,-3.2872849396443953
2024-01-16 13:00:00,162,192,37,246.375,16.537363000188392,-3.288009097906393
2024-01-09 16:00:00,68,119,40,170.25,15.58645245076634,-3.288111913976948
2024-01-31 10:00:00,132,82,58,138.0,17.02286044640494,-3.2896938899494206
2024-01-02 15:00:00,162,156,39,261.5,32.04293994002423,-3.2924569405138113
2024-01-19 13:00:00,261,19,109,47.666666666666664,8.70504323813373,-3.2931101985901794
2024-01-08 01:00:00,114,6,1,22.625,5.048205126577168,-3.293249696307852
2024-01-02 15:00:00,100,66,39,104.75,11.765946625750093,-3.2934026672528476
2024-01-19 14:00:00,114,35,110,61.55555555555556,8.05689644012591,-3.2960030891424186
2024-01-02 11:00:00,239,101,35,174.75,22.37046043334826,-3.2967582504497246
2024-01-13 04:00:00,68,22,124,38.666666666666664,5.055250296034367,-3.2969023669789346
2024-01-08 14:00:00,211,16,14,38.0,6.670832032063167,-3.2979394315817903
2024-01-07 16:00:00,24,9,160,19.666666666666668,3.231786571610886,-3.3005479880281396
2024-01-01 11:00:00,114,11,11,22.125,3.370367190678191,-3.300827289907664
2024-01-19 12:00:00,261,16,108,41.0,7.571877794400365,-3.3016908987210893
2024-01-02 22:00:00,100,41,46,89.375,14.63674741874027,-3.3050375616964396
2024-01-17 13:00:00,132,137,61,233.55555555555554,29.19707409660203,-3.307028479500716
2024-01-01 20:00:00,229,26,20,93.625,20.37730048362638,-3.318643706232737
2024-01-20 04:00:00,230,17,124,36.77777777777778,5.958705634574187,-3.3191399257954974
2024-01-19 12:00:00,43,93,108,159.66666666666666,20.08316044185609,-3.3195306515464607
2024-01-03 06:00:00,151,10,54,21.333333333333332,3.39934634239519,-3.333974297349128
2024-01-10 16:00:00,41,2,64,11.88888888888889,2.960647243216495,-3.3401104814315667
2024-01-26 18:00:00,132,214,114,302.3333333333333,26.423894910141883,-3.3429338723047097
2024-01-08 12:00:00,148,9,12,20.875,3.550968177835448,-3.3441583830916235
2024-01-31 13:00:00,261,23,61,41.77777777777778,5.613035973473372,-3.3453870359141855
2024-01-06 03:00:00,170,5,123,23.88888888888889,5.645931562627778,-3.3455752481876453
2024-01-05 11:00:00,87,13,107,22.333333333333332,2.788866755113585,-3.346640106136302
2024-01-26 11:00:00,87,13,107,22.333333333333332,2.788866755113585,-3.346640106136302
2024-01-19 16:00:00,50,20,112,37.22222222222222,5.137612454087507,-3.3521839913246367
2024-01-12 12:00:00,186,116,108,186.22222222222223,20.895389059565684,-3.360656364044835
2024-01-30 14:00:00,132,205,38,301.125,28.5632521782797,-3.3653380714502865
2024-01-24 17:00:00,148,16,65,25.22222222222222,2.739739556875101,-3.366094488463322
2024-01-10 17:00:00,114,30,65,55.44444444444444,7.544108976341313,-3.3727567462558454
2024-01-19 14:00:00,13,24,110,50.44444444444444,7.833136325339808,-3.3759714303577195
2024-01-12 12:00:00,158,14,108,37.111111111111114,6.83852557930183,-3.3795459040266707
2024-01-02 10:00:00,164,67,34,114.125,13.914358591038251,-3.3867892430450626
2024-01-24 01:00:00,100,11,49,22.88888888888889,3.510126444206959,-3.3870258174061134
2024-01-03 01:00:00,100,11,49,22.88888888888889,3.510126444206959,-3.3870258174061134
2024-01-19 11:00:00,186,145,107,219.88888888888889,22.103013592642593,-3.3881754890571605
2024-01-12 16:00:00,114,35,112,70.33333333333333,10.424330514074592,-3.3895062407727203
2024-01-20 13:00:00,211,38,133,57.0,5.597618541248888,-3.394300604799858
2024-01-11 15:00:00,48,86,87,114.66666666666667,8.41955396021006,-3.4047726045990525
2024-01-09 12:00:00,230,129,36,166.25,10.928746497197197,-3.4084421309939974
2024-01-01 22:00:00,239,29,22,88.625,17.492409067935725,-3.408621406487399
2024-01-09 13:00:00,48,87,37,102.625,4.580870550452174,-3.4109237158988632
2024-01-19 09:00:00,88,2,105,8.11111111111111,1.7916128329552332,-3.4109552012032323
2024-01-11 01:00:00,237,8,73,18.444444444444443,3.0590888662080453,-3.4142337477730953
2024-01-18 01:00:00,237,8,73,18.444444444444443,3.0590888662080453,-3.4142337477730953
2024-01-19 11:00:00,261,16,107,35.0,5.557777333511022,-3.418632820253183
2024-01-03 18:00:00,142,199,66,298.1111111111111,28.984457307876212,-3.4194571959150917
2024-01-01 11:00:00,107,51,11,84.0,9.630680142129112,-3.426549268897689
2024-01-30 11:00:00,138,116,35,241.5,36.520542164650294,-3.4364221493260447
2024-01-19 14:00:00,88,13,110,24.22222222222222,3.2584173996922625,-3.4440714143258906
2024-01-16 13:00:00,158,18,37,31.75,3.992179855667828,-3.4442336009683223
2024-01-02 17:00:00,114,33,41,65.875,9.532018411648187,-3.4489022765447603
2024-01-19 16:00:00,48,85,112,139.55555555555554,15.791074209545025,-3.454834980294061
2024-01-06 10:00:00,233,40,130,75.11111111111111,10.159226178366632,-3.4560812501524762
2024-01-01 23:00:00,162,29,23,75.25,13.376752221671746,-3.457490968926683
2024-01-14 15:00:00,151,35,159,55.22222222222222,5.845753972429291,-3.45930094177716
2024-01-31 16:00:00,261,28,64,44.0,4.618802153517006,-3.464101615137755
2024-01-01 20:00:00,75,7,20,18.5,3.3166247903554,-3.467380462644282
2024-01-19 03:00:00,48,19,99,42.22222222222222,6.696230743697495,-3.4679543031098534
2024-01-10 22:00:00,186,103,70,196.22222222222223,26.831895521635264,-3.474306246722476
2024-01-19 13:00:00,88,5,109,21.22222222222222,4.661372658534007,-3.480138450746412
2024-01-17 19:00:00,132,198,67,338.44444444444446,40.35154165060174,-3.480522396406386
2024-01-03 14:00:00,87,21,62,30.444444444444443,2.7125679146074893,-3.4817356622059217
2024-02-01 00:00:00,186,1,72,97.33333333333333,27.664658561661906,-3.482180454843332
2024-01-01 11:00:00,125,6,11,19.875,3.9823830805184977,-3.484094754187612
2024-01-23 15:00:00,158,20,39,41.625,6.203577596838779,-3.48589175559272
2024-01-16 15:00:00,158,20,39,41.625,6.203577596838779,-3.48589175559272
2024-01-19 16:00:00,158,37,112,53.888888888888886,4.840671313509326,-3.488955930917153
2024-01-15 20:00:00,166,6,20,18.875,3.6890886408434267,-3.4900218599942403
2024-01-19 15:00:00,230,128,111,197.55555555555554,19.911532733631258,-3.493229601459753
2024-01-26 17:00:00,43,107,113,187.66666666666666,23.069941963997703,-3.4966133331654135
2024-01-19 15:00:00,43,143,111,227.44444444444446,24.13439735735013,-3.4989249242109994
2024-01-15 13:00:00,88,3,13,15.0,3.427827300200522,-3.5007597959494694
2024-01-09 12:00:00,211,24,36,36.0,3.427827300200522,-3.5007597959494694
2024-01-09 13:00:00,186,145,37,211.125,18.850978091335207,-3.507775547752302
2024-01-30 22:00:00,151,7,46,17.375,2.9553976043842223,-3.5105259558338524
2024-01-09 12:00:00,88,6,36,16.375,2.9553976043842223,-3.5105259558338524
2024-01-02 19:00:00,246,60,43,145.75,24.422069936841964,-3.511168390794003
2024-01-03 14:00:00,48,82,62,113.88888888888889,9.073091405597156,-3.514666331832252
2024-01-16 20:00:00,151,8,44,24.75,4.763139720814412,-3.5165880032459027
2024-01-31 14:00:00,43,72,62,142.66666666666666,20.094222497468714,-3.516765412325289
2024-01-15 07:00:00,125,3,7,17.285714285714285,4.060762972443398,-3.5179877236514594
2024-01-31 15:00:00,50,16,63,37.111111111111114,5.98970309864158,-3.524567205325913
2024-01-18 05:00:00,90,2,77,7.0,1.4142135623730951,-3.5355339059327373
2024-01-16 15:00:00,261,14,39,39.25,7.137051211810099,-3.5378756927254966
2024-01-09 19:00:00,132,215,43,337.75,34.63650530870573,-3.543948758858976
2024-01-19 14:00:00,48,68,110,104.88888888888889,10.407736913196883,-3.5443717684787193
2024-01-03 18:00:00,209,6,66,15.0,2.5385910352879693,-3.5452736872125095
2024-01-08 16:00:00,41,3,16,12.125,2.5708704751503917,-3.5493814597821007
2024-01-24 15:00:00,68,123,63,186.0,17.73258143769385,-3.5527822173754107
2024-01-16 17:00:00,114,32,41,65.875,9.532018411648187,-3.5538118514966923
2024-01-11 04:00:00,100,2,76,8.222222222222221,1.7497795275581802,-3.5560035560053334
2024-01-23 13:00:00,261,17,37,38.375,5.998697775350913,-3.5632733637342815
2024-01-12 10:00:00,230,133,106,186.33333333333334,14.944341180973263,-3.568797893963765
2024-01-06 05:00:00,90,1,125,10.777777777777779,2.739739556875101,-3.5688712648767758
2024-01-02 13:00:00,100,59,37,92.625,9.419892515310352,-3.5695736384835146
2024-01-19 09:00:00,195,1,105,13.5,3.5,-3.5714285714285716
2024-01-19 16:00:00,209,3,112,14.444444444444445,3.201080064641763,-3.5751821926782097
2024-01-06 04:00:00,50,3,124,11.0,2.23606797749979,-3.5777087639996634
2024-01-03 22:00:00,100,48,70,105.0,15.91644851508443,-3.5812009158939966
2024-01-19 16:00:00,114,33,112,70.33333333333333,10.424330514074592,-3.581365084590044
2024-01-18 14:00:00,41,6,86,16.88888888888889,3.034777840832814,-3.588034927097241
2024-01-03 15:00:00,87,18,63,31.555555555555557,3.7745083892140063,-3.5913433373977295
2024-01-06 04:00:00,246,30,124,50.666666666666664,5.754225500544023,-3.5915635674536515
2024-01-19 15:00:00,13,24,111,53.44444444444444,8.193644028705165,-3.5935713513169945
2024-01-19 15:00:00,90,55,111,99.55555555555556,12.39274977208772,-3.595292116355674
2024-01-30 14:00:00,43,95,38,182.875,24.36923008631992,-3.60598179297138
2024-01-15 19:00:00,166,12,19,27.625,4.328322423295196,-3.6099436391119233
2024-01-27 03:00:00,246,68,123,96.77777777777777,7.9690760342404925,-3.611181227802213
2024-01-21 09:00:00,42,2,153,10.0,2.211083193570267,-3.618136134933163
2024-01-15 09:00:00,224,1,9,7.0,1.6583123951777,-3.6181361349331636
2024-01-20 05:00:00,230,9,125,22.555555555555557,3.7449554547450483,-3.619684057491253
2024-01-26 15:00:00,43,140,111,227.44444444444446,24.13439735735013,-3.6232288359921796
2024-01-01 20:00:00,238,28,20,70.25,11.59471862530523,-3.6439004140894165
2024-01-22 15:00:00,48,76,15,96.625,5.655473012931809,-3.6469098080459155
2024-01-03 10:00:00,114,13,58,25.666666666666668,3.4641016151377544,-3.6565517048676304
2024-01-31 01:00:00,162,6,49,21.22222222222222,4.15739709641549,-3.661479014200214
2024-01-24 12:00:00,261,21,60,38.44444444444444,4.763544691161337,-3.662072170082138
2024-01-31 12:00:00,261,21,60,38.44444444444444,4.763544691161337,-3.662072170082138
2024-01-05 11:00:00,148,6,107,18.333333333333332,3.366501646120693,-3.663545909013694
2024-01-19 11:00:00,230,130,107,192.0,16.885233522551918,-3.6718473521371675
2024-01-07 17:00:00,88,4,161,13.0,2.449489742783178,-3.6742346141747673
2024-01-02 12:00:00,107,56,36,105.125,13.34576243606936,-3.6809436879552653
2024-01-24 11:00:00,43,77,59,112.55555555555556,9.627635121081987,-3.693072609045834
2024-01-09 15:00:00,230,148,39,210.25,16.850445097978866,-3.694264432662767
2024-01-16 11:00:00,74,3,35,10.375,1.996089927833914,-3.694723317402382
2024-01-25 03:00:00,163,2,75,10.555555555555555,2.3147407395555173,-3.696118277677359
2024-01-09 18:00:00,138,72,42,228.875,42.44242423566307,-3.6961837789695045
2024-01-19 17:00:00,114,44,113,74.11111111111111,8.143769867470532,-3.697441308034368
2024-01-10 09:00:00,230,89,57,146.22222222222223,15.47598697464902,-3.697484516881352
2024-01-07 19:00:00,164,56,163,115.88888888888889,16.196326362923198,-3.6976835084026933
2024-01-16 12:00:00,161,209,36,314.875,28.62445414326708,-3.698760488849478
2024-01-05 14:00:00,68,129,110,173.77777777777777,12.099382700303146,-3.700831595041281
2024-01-02 10:00:00,88,2,34,9.625,2.057759704144291,-3.7054861093078
2024-01-20 16:00:00,12,1,136,6.555555555555555,1.4989708403591155,-3.7062465833055063
2024-01-10 12:00:00,158,13,60,34.77777777777778,5.864730320176288,-3.7133468358905137
2024-01-03 16:00:00,164,101,64,156.22222222222223,14.860669775378211,-3.715998205795324
2024-01-03 13:00:00,234,122,61,180.33333333333334,15.69146972791976,-3.717518775793265
2024-01-02 14:00:00,114,32,38,51.75,5.3091901453988255,-3.7199647138492877
2024-01-30 14:00:00,114,32,38,51.75,5.3091901453988255,-3.7199647138492877
2024-01-31 17:00:00,148,15,65,25.22222222222222,2.739739556875101,-3.7310926860075377
2024-01-16 11:00:00,162,160,35,238.125,20.913138812717712,-3.735689831145317
2024-01-10 12:00:00,100,66,60,92.66666666666667,7.133644853010899,-3.7381545081279826
2024-01-25 05:00:00,234,1,77,6.222222222222222,1.3966450099973926,-3.7391192356259317
2024-01-11 05:00:00,234,1,77,6.222222222222222,1.3966450099973926,-3.7391192356259317
2024-01-04 05:00:00,234,1,77,6.222222222222222,1.3966450099973926,-3.7391192356259317
2024-01-02 12:00:00,41,4,36,11.0,1.8708286933869707,-3.7416573867739413
2024-01-16 16:00:00,88,15,40,29.0,3.7416573867739413,-3.7416573867739413
2024-01-02 22:00:00,246,28,46,76.75,13.016816046944813,-3.7451554838129675
2024-01-21 22:00:00,234,39,166,81.66666666666667,11.392004993756707,-3.7453167102761786
2024-01-02 20:00:00,75,7,44,24.0,4.527692569068709,-3.754671886544782
2024-01-07 20:00:00,144,24,164,51.77777777777778,7.3903507325848405,-3.758654870776648
2024-01-03 14:00:00,142,152,62,224.88888888888889,19.3703349620808,-3.762913188211538
2024-01-02 16:00:00,100,70,40,111.25,10.951598056904755,-3.7665735891386856
2024-01-29 16:00:00,48,65,16,102.75,10.0093706095838,-3.771465906543117
2024-01-16 13:00:00,211,15,37,46.25,8.272696053887149,-3.7774867825968714
2024-01-10 12:00:00,231,47,60,71.55555555555556,6.499762578759851,-3.7779157712312523
2024-01-06 11:00:00,148,16,131,29.666666666666668,3.5901098714230026,-3.8067544326295635
2024-01-19 14:00:00,209,4,110,13.0,2.3570226039551585,-3.8183766184073566
2024-01-19 13:00:00,158,23,109,42.44444444444444,5.079613089183316,-3.827938093523312
2024-01-06 23:00:00,161,69,143,240.0,44.574531841499905,-3.83627136249124
2024-01-02 22:00:00,48,76,46,230.0,40.102992407051126,-3.8401124394129473
2024-01-21 19:00:00,230,106,163,161.5,14.44818327679989,-3.841313398143204
2024-01-03 15:00:00,113,58,63,94.44444444444444,9.476416471209065,-3.845804429888529
2024-01-04 10:00:00,24,9,82,18.444444444444443,2.454524670486058,-3.847769206807037
2024-01-10 18:00:00,148,18,66,34.333333333333336,4.242640687119285,-3.849803586460093
2024-01-24 14:00:00,87,20,62,30.444444444444443,2.7125679146074893,-3.85039002643949
2024-01-31 14:00:00,87,20,62,30.444444444444443,2.7125679146074893,-3.85039002643949
2024-01-10 14:00:00,87,20,62,30.444444444444443,2.7125679146074893,-3.85039002643949
2024-01-31 14:00:00,132,187,62,287.6666666666667,26.076809620810597,-3.860390443865098
2024-01-10 12:00:00,164,96,60,138.44444444444446,10.985961861607356,-3.86351645664956
2024-01-19 15:00:00,261,22,111,59.22222222222222,9.623787401569992,-3.867731140460347
2024-01-01 11:00:00,24,4,11,11.25,1.8540496217739157,-3.910359202286804
2024-01-19 12:00:00,13,14,108,40.333333333333336,6.733003292241385,-3.911082794757864
2024-01-21 16:00:00,24,7,160,19.666666666666668,3.231786571610886,-3.9194007357834155
2024-01-07 22:00:00,234,37,166,81.66666666666667,11.392004993756707,-3.9208784310703746
2024-01-12 12:00:00,161,242,108,303.0,15.513435037626794,-3.9320756397308916
2024-01-09 20:00:00,114,44,44,93.75,12.646639869941739,-3.933851245202667
2024-01-24 01:00:00,230,13,49,42.333333333333336,7.438637868140466,-3.9433742915443433
2024-01-07 14:00:00,261,16,158,51.111111111111114,8.849914556328834,-3.9673954915194214
2024-01-26 18:00:00,144,34,114,87.22222222222223,13.406281925341135,-3.9699465160149496
2024-01-03 15:00:00,142,131,63,237.77777777777777,26.893938919713563,-3.9703287085071963
2024-01-30 17:00:00,114,28,41,65.875,9.532018411648187,-3.9734501513044194
2024-01-10 15:00:00,132,254,63,346.44444444444446,23.247992081090985,-3.97644855185731
2024-01-24 10:00:00,132,70,58,138.0,17.02286044640494,-3.994628294938582
2024-01-03 22:00:00,12,1,70,5.0,1.0,-4.0
2024-01-26 12:00:00,230,140,108,181.0,10.241527663824812,-4.003309012660334
2024-01-12 09:00:00,230,111,105,158.88888888888889,11.91119402956213,-4.02049439964075
2024-01-19 13:00:00,239,141,109,210.11111111111111,17.175204636946475,-4.023888656467162
2024-01-28 20:00:00,144,22,164,51.77777777777778,7.3903507325848405,-4.0292780214725665
2024-01-12 12:00:00,68,96,108,155.44444444444446,14.727986293003994,-4.036155606193185
2024-01-16 11:00:00,230,101,35,169.5,16.95582495781317,-4.039909598644181
2024-01-03 15:00:00,234,126,63,206.0,19.793377119071362,-4.041755963054845
2024-01-12 04:00:00,163,1,100,12.0,2.70801280154532,-4.06201920231798
2024-01-16 13:00:00,48,84,37,102.625,4.580870550452174,-4.065821069351445
2024-01-02 13:00:00,48,84,37,102.625,4.580870550452174,-4.065821069351445
2024-01-30 12:00:00,211,22,36,36.0,3.427827300200522,-4.084219761941048
2024-01-23 15:00:00,43,121,39,193.0,17.628102563804195,-4.084387400141277
2024-01-06 04:00:00,68,18,124,38.666666666666664,5.055250296034367,-4.088158935053879
2024-01-16 14:00:00,162,183,38,265.875,20.251157374332955,-4.092358696744847
2024-01-09 11:00:00,138,92,35,241.5,36.520542164650294,-4.093586544416284
2024-01-16 10:00:00,230,96,34,158.0,15.14100392972672,-4.094840757439724
2024-01-23 15:00:00,48,62,39,111.75,12.142384444580891,-4.0972183204266175
2024-01-01 17:00:00,75,9,17,44.75,8.714212528966687,-4.102493470427116
2024-01-26 09:00:00,230,110,105,158.88888888888889,11.91119402956213,-4.104449039076404
2024-01-09 15:00:00,132,249,39,331.375,19.962073414352528,-4.126575345663904
2024-01-25 04:00:00,100,1,76,8.222222222222221,1.7497795275581802,-4.127504127506191
2024-01-30 12:00:00,230,121,36,166.25,10.928746497197197,-4.1404565483886815
2024-01-10 01:00:00,162,4,49,21.22222222222222,4.15739709641549,-4.1425492496425775
2024-01-07 10:00:00,42,1,154,7.888888888888889,1.6629588385661962,-4.142549249642578
2024-01-01 21:00:00,238,24,21,66.875,10.34936592260608,-4.142765877699648
2024-01-01 23:00:00,229,5,23,37.0,7.713624310270756,-4.148503830733852
2024-01-24 15:00:00,132,250,63,346.44444444444446,23.247992081090985,-4.148506421889597
2024-01-16 15:00:00,132,248,39,331.375,19.962073414352528,-4.176670342272874
2024-01-08 15:00:00,48,73,15,96.625,5.655473012931809,-4.177369416488958
2024-01-22 12:00:00,148,6,12,20.875,3.550968177835448,-4.188998395662139
2024-01-16 10:00:00,88,1,34,9.625,2.057759704144291,-4.1914515006924296
2024-01-16 15:00:00,43,119,39,193.0,17.628102563804195,-4.197842605700758
2024-01-16 02:00:00,162,1,26,7.625,1.5761900266148114,-4.203173404306164
2024-01-24 14:00:00,132,178,62,287.6666666666667,26.076809620810597,-4.205524688846415
2024-01-10 01:00:00,230,11,49,42.333333333333336,7.438637868140466,-4.212240720513276
2024-01-31 07:00:00,132,66,55,156.77777777777777,21.508539791222862,-4.22054582314426
2024-01-24 11:00:00,100,57,59,88.33333333333333,7.423685817106696,-4.22072459762921
2024-01-19 15:00:00,209,3,111,14.222222222222221,2.657391276244755,-4.223022150535808
2024-01-12 16:00:00,43,150,112,229.11111111111111,18.681211264824015,-4.2347955916581395
2024-01-10 01:00:00,100,8,49,22.88888888888889,3.510126444206959,-4.241695883480554
2024-01-11 14:00:00,41,4,86,16.88888888888889,3.034777840832814,-4.247061750441633
2024-01-19 10:00:00,100,45,106,77.55555555555556,7.63196656047751,-4.2656837261507405
2024-01-27 15:00:00,132,198,135,325.77777777777777,29.921295938132157,-4.270462684570283
2024-01-22 01:00:00,90,2,1,12.125,2.368411915187052,-4.275016493151003
2024-01-21 15:00:00,261,27,159,48.22222222222222,4.961580791503579,-4.277310622163818
2024-01-23 14:00:00,114,29,38,51.75,5.3091901453988255,-4.285022645066901
2024-01-02 14:00:00,162,179,38,265.875,20.251157374332955,-4.289878271851687
2024-01-19 10:00:00,261,7,106,27.22222222222222,4.708804466759354,-4.294555521465379
2024-01-19 10:00:00,230,122,106,186.33333333333334,14.944341180973263,-4.304862459593791
2024-01-16 12:00:00,68,98,36,151.875,12.514366743866827,-4.305052033607984
2024-01-26 11:00:00,261,11,107,35.0,5.557777333511022,-4.318273036109284
2024-01-21 17:00:00,13,17,161,32.22222222222222,3.520662115056635,-4.323681661219952
2024-01-09 12:00:00,261,12,36,36.125,5.577577879330776,-4.325354216819045
2024-01-02 20:00:00,114,39,44,93.75,12.646639869941739,-4.329213179393889
2024-01-24 16:00:00,261,24,64,44.0,4.618802153517006,-4.330127018922194
2024-01-16 15:00:00,211,30,39,50.5,4.716990566028302,-4.345991308026076
2024-01-16 12:00:00,162,155,36,230.75,17.376348868505143,-4.359373800171442
2024-01-23 14:00:00,261,28,38,47.25,4.408798022137099,-4.366269423852819
2024-01-16 11:00:00,138,82,35,241.5,36.520542164650294,-4.36740504237055
2024-01-16 15:00:00,13,23,39,49.625,6.081478027585071,-4.378047553445272
2024-01-04 01:00:00,237,5,73,18.444444444444443,3.0590888662080453,-4.394917909367495
2024-01-24 13:00:00,261,17,61,41.77777777777778,5.613035973473372,-4.4143272722417946
2024-01-02 13:00:00,158,14,37,31.75,3.992179855667828,-4.446192466704561
2024-01-19 10:00:00,132,58,106,141.0,18.61301814441829,-4.4592445650674986
2024-01-05 10:00:00,74,6,106,13.0,1.5634719199411433,-4.477215043467819
2024-01-22 03:00:00,79,4,3,13.5,2.1213203435596424,-4.478342947514801
2024-01-12 10:00:00,100,43,106,77.55555555555556,7.63196656047751,-4.527739381682186
2024-01-16 13:00:00,87,8,37,26.125,3.9823830805184977,-4.551294949163998
2024-01-17 14:00:00,239,154,62,204.55555555555554,11.086639718459042,-4.560043154589169
2024-01-16 18:00:00,65,1,42,5.714285714285714,1.0301575072754257,-4.57627661885814
2024-01-30 18:00:00,65,1,42,5.714285714285714,1.0301575072754257,-4.57627661885814
2024-01-07 17:00:00,13,16,161,32.22222222222222,3.520662115056635,-4.607719142613964
2024-01-16 10:00:00,161,77,34,224.0,31.737202145116697,-4.631788250515915
2024-01-20 10:00:00,211,10,130,24.666666666666668,3.1622776601683795,-4.638007234913623
2024-01-20 11:00:00,148,13,131,29.666666666666668,3.5901098714230026,-4.642383454426297
2024-01-25 10:00:00,24,7,82,18.444444444444443,2.454524670486058,-4.662590921189704
2024-01-09 20:00:00,138,58,44,223.875,35.42752284594564,-4.682094221526496
2024-01-26 16:00:00,43,140,112,229.11111111111111,18.681211264824015,-4.770092787232905
2024-01-25 15:00:00,261,22,87,47.55555555555556,5.356431463641755,-4.771003928458879
2024-01-20 04:00:00,246,23,124,50.666666666666664,5.754225500544023,-4.808060904816985
2024-01-27 11:00:00,88,2,131,14.0,2.494438257849294,-4.810702354423639
2024-01-01 16:00:00,238,56,16,131.375,15.643988462025916,-4.8181446939164285
2024-01-03 11:00:00,224,1,59,7.777777777777778,1.3966450099973928,-4.852899433471953
2024-01-30 15:00:00,68,146,39,178.5,6.652067347825035,-4.885699182018388
2024-01-26 14:00:00,43,103,110,190.33333333333334,17.701224063135673,-4.933745430363347
2024-01-17 16:00:00,261,21,64,44.0,4.618802153517006,-4.979646071760523
2024-01-02 16:00:00,68,92,40,170.25,15.58645245076634,-5.020385507681877
2024-01-23 14:00:00,87,11,38,29.625,3.7059917700933984,-5.025645267293892
2024-01-09 10:00:00,230,81,34,158.0,15.14100392972672,-5.085528037465464
2024-01-02 12:00:00,162,141,36,230.75,17.376348868505143,-5.16506664772788
2024-01-30 15:00:00,132,227,39,331.375,19.962073414352528,-5.228665271061243
2024-01-16 14:00:00,87,10,38,29.625,3.7059917700933984,-5.295478570235845
2024-01-23 19:00:00,132,154,43,337.75,34.63650530870573,-5.305096410919241
2024-01-17 15:00:00,132,223,63,346.44444444444446,23.247992081090985,-5.3098970446075375
2024-01-30 13:00:00,48,78,37,102.625,4.580870550452174,-5.375615776256609
2024-01-02 12:00:00,158,18,36,32.375,2.6427968139832467,-5.439313353164624
2024-01-03 16:00:00,233,57,64,86.44444444444444,5.377134947805716,-5.4758611658909615
2024-01-07 15:00:00,261,21,159,48.22222222222222,4.961580791503579,-5.48660263052427
2024-01-09 14:00:00,261,23,38,47.25,4.408798022137099,-5.500365378100304
2024-01-16 14:00:00,261,23,38,47.25,4.408798022137099,-5.500365378100304
2024-01-19 09:00:00,230,93,105,158.88888888888889,11.91119402956213,-5.531677909482517
2024-01-02 15:00:00,68,141,39,178.5,6.652067347825035,-5.637345210021216
2024-01-16 12:00:00,158,17,36,32.375,2.6427968139832467,-5.817700369036946
2024-01-02 13:00:00,162,145,37,246.375,16.537363000188392,-6.130058341154218
2024-01-09 12:00:00,158,16,36,32.375,2.6427968139832467,-6.1960873849092675
2024-01-31 15:00:00,132,195,63,346.44444444444446,23.247992081090985,-6.5143021348335495
2024-01-23 15:00:00,132,198,39,331.375,19.962073414352528,-6.681420172721373
2024-01-16 12:00:00,211,13,36,36.0,3.427827300200522,-6.70978960890315
2024-01-22 15:00:00,41,1,15,11.375,1.4086784586980805,-7.365059028153745
2024-01-16 11:00:00,161,82,35,280.25,24.883478454589103,-7.967133709292079
2024-01-09 15:00:00,68,124,39,178.5,6.652067347825035,-8.192941705230835
2024-01-23 15:00:00,68,111,39,178.5,6.652067347825035,-10.14722137803819
