pickup_hour,zone_id,trips,robust_z,ewma_z,robust_flag,ewma_flag,votes,severity
2024-01-01 03:00:00,79,470,154.121138540402,5.906116524535857,True,True,2,154.121138540402
2024-01-01 03:00:00,107,227,149.73694860380414,3.51822083329853,True,True,2,149.73694860380414
2024-01-01 01:00:00,238,192,126.8042627815999,3.0045517535671222,True,True,2,126.8042627815999
2024-01-01 03:00:00,114,171,113.31444759206799,3.116031693100896,True,True,2,113.31444759206799
2024-01-01 01:00:00,231,159,105.22055847834885,5.404009164216245,True,True,2,105.22055847834885
2024-01-01 00:00:00,229,163,101.84810468096587,3.0080511594385797,True,True,2,101.84810468096587
2024-01-01 02:00:00,231,150,99.48738702279779,4.500692207411318,True,True,2,99.48738702279779
2024-01-01 02:00:00,148,238,78.4095507891542,6.16328111779167,True,True,2,78.4095507891542
2024-01-01 02:00:00,79,464,76.04883313098611,6.670485319469444,True,True,2,76.04883313098611
2024-01-01 03:00:00,148,278,73.78928908673952,6.606135426494274,True,True,2,73.78928908673952
2024-01-01 02:00:00,107,304,66.77458518818293,6.068955687398678,True,True,2,66.77458518818293
2024-01-01 02:00:00,137,146,63.626961643958815,5.276209004177092,True,True,2,63.626961643958815
2024-01-01 00:00:00,148,175,53.28476999865102,4.86074585611136,True,True,2,53.28476999865102
2024-01-01 01:00:00,79,383,48.29353837852422,5.793991665683104,True,True,2,48.29353837852422
2024-01-01 01:00:00,50,108,46.989522910202794,5.756020851217513,True,True,2,46.989522910202794
2024-01-01 01:00:00,263,279,45.19088088493188,5.101911746246386,True,True,2,45.19088088493188
2024-01-01 01:00:00,141,262,42.492917847025495,3.55692039920201,True,True,2,42.492917847025495
2024-01-01 01:00:00,107,260,42.155672467287204,5.419716541719101,True,True,2,42.155672467287204
2024-01-01 01:00:00,229,196,41.8184270875489,3.8140017208884855,True,True,2,41.8184270875489
2024-01-01 02:00:00,50,96,41.8184270875489,4.3466858212804675,True,True,2,41.8184270875489
2024-01-01 01:00:00,137,128,41.481181707810606,4.789756598754099,True,True,2,41.481181707810606
2024-01-01 03:00:00,90,143,36.69229731552678,3.01628141794286,True,True,2,36.69229731552678
2024-01-01 02:00:00,232,51,33.050047214353164,4.840434288562193,True,True,2,33.050047214353164
2024-01-09 08:00:00,226,52,30.352084176446784,13.000309698170655,True,True,2,30.352084176446784
2024-01-01 02:00:00,90,139,29.22793291065246,3.0174221871278797,True,True,2,29.22793291065246
2023-12-15 06:00:00,226,46,28.328611898016998,16.858274085853733,True,True,2,28.328611898016998
2024-01-01 00:00:00,107,177,26.97963037906381,3.219137784919258,True,True,2,26.97963037906381
2023-11-04 00:00:00,181,41,26.305139619587212,19.91404405890095,True,True,2,26.305139619587212
2024-01-01 01:00:00,74,40,25.630648860110618,4.983378190372046,True,True,2,25.630648860110618
2023-12-15 00:00:00,181,39,24.281667341157426,7.962391162925389,True,True,2,24.281667341157426
2024-01-01 00:00:00,125,40,24.281667341157426,3.5003026182811405,True,True,2,24.281667341157426
2023-11-26 07:00:00,50,75,23.607176581680832,4.186725515181195,True,True,2,23.607176581680832
2023-11-01 01:00:00,246,96,22.6628895184136,6.319652769643323,True,True,2,22.6628895184136
2024-01-04 16:00:00,166,103,20.909213543774452,8.10655391767918,True,True,2,20.909213543774452
2024-01-09 07:00:00,226,36,20.909213543774452,12.293285706956553,True,True,2,20.909213543774452
2023-12-14 00:00:00,181,32,20.234722784297855,11.067726800903008,True,True,2,20.234722784297855
2023-12-14 23:00:00,181,32,20.234722784297855,7.581037283639329,True,True,2,20.234722784297855
2024-01-01 00:00:00,263,223,20.138366961515484,3.9052311154253814,True,True,2,20.138366961515484
2024-01-01 01:00:00,148,166,17.76158999955034,4.129375740460014,True,True,2,17.76158999955034
2023-12-31 22:00:00,244,28,17.536759746391475,10.821481301257688,True,True,2,17.536759746391475
2023-12-31 21:00:00,75,62,17.19951436665318,3.5091605685325264,True,True,2,17.19951436665318
2024-01-01 00:00:00,90,149,17.13206529070552,3.7481207854610257,True,True,2,17.13206529070552
2023-12-31 22:00:00,74,29,16.86226898691488,3.4465532949441626,True,True,2,16.86226898691488
2024-01-01 00:00:00,79,342,16.69364629704573,5.542375660018421,True,True,2,16.69364629704573
2023-11-30 23:00:00,255,20,5.395926075812762,16.330710810111565,True,True,2,16.330710810111565
2023-12-15 00:00:00,97,26,16.187778227438287,7.618434408461911,True,True,2,16.187778227438287
2023-12-20 00:00:00,97,26,16.187778227438287,6.6898281297108975,True,True,2,16.187778227438287
2024-01-01 01:00:00,42,26,16.187778227438287,5.969912170788255,True,True,2,16.187778227438287
2024-01-04 16:00:00,152,29,15.513287467961689,10.59463981219553,True,True,2,15.513287467961689
2023-12-15 05:00:00,226,24,14.838796708485095,11.078271777211752,True,True,2,14.838796708485095
2023-12-31 23:00:00,42,24,14.838796708485095,6.227180661606517,True,True,2,14.838796708485095
2024-01-01 00:00:00,4,24,14.838796708485095,5.401262913267535,True,True,2,14.838796708485095
2024-01-01 00:00:00,41,35,14.61396645532623,3.2776892093210837,True,True,2,14.61396645532623
2023-12-31 21:00:00,166,53,14.164305949008499,4.714629645518695,True,True,2,14.164305949008499
2024-01-01 01:00:00,125,45,14.164305949008499,3.9405445163690977,True,True,2,14.164305949008499
2024-01-01 00:00:00,50,69,13.939475695849634,3.1147201951499044,True,True,2,13.939475695849634
2023-12-14 22:00:00,255,24,13.489815189531905,4.687419959542476,True,True,2,13.489815189531905
2023-12-18 07:00:00,7,22,13.489815189531905,9.091258910787062,True,True,2,13.489815189531905
2024-01-01 02:00:00,4,32,13.264984936373038,6.16265916886154,True,True,2,13.264984936373038
2023-12-10 00:00:00,145,21,12.815324430055309,7.528772988863968,True,True,2,12.815324430055309
2023-11-13 09:00:00,195,16,6.070416835289357,12.796250362433277,True,True,2,12.796250362433277
2023-12-27 14:00:00,232,35,12.590494176896444,6.385843439089872,True,True,2,12.590494176896444
2023-11-01 09:00:00,145,13,5.395926075812762,12.55736166816115,True,True,2,12.55736166816115
2023-11-26 11:00:00,195,20,12.140833670578713,7.437296000978506,True,True,2,12.140833670578713
2023-12-16 00:00:00,181,20,12.140833670578713,3.087213839671646,True,True,2,12.140833670578713
2024-01-01 06:00:00,7,20,11.803588290840416,4.917599192086265,True,True,2,11.803588290840416
2023-12-10 04:00:00,36,13,7.4193983542425475,11.76317686233436,True,True,2,11.76317686233436
2023-11-05 14:00:00,74,48,11.46634291110212,4.422235415410843,True,True,2,11.46634291110212
2023-12-14 23:00:00,255,38,11.46634291110212,7.046242117764731,True,True,2,11.46634291110212
2023-12-14 23:00:00,256,20,11.46634291110212,5.4801342749994415,True,True,2,11.46634291110212
2023-12-17 01:00:00,25,20,11.46634291110212,5.592122898693515,True,True,2,11.46634291110212
2024-01-04 15:00:00,152,21,11.46634291110212,9.377905584926863,True,True,2,11.46634291110212
2024-01-01 00:00:00,114,181,11.29772022123297,3.731396167595778,True,True,2,11.29772022123297
2023-12-08 23:00:00,112,14,7.4193983542425475,11.081093999257105,True,True,2,11.081093999257105
2024-01-12 23:00:00,256,13,3.822114303700706,11.070134038835043,True,True,2,11.070134038835043
2023-12-21 18:00:00,42,19,10.791852151625523,3.2346853772591038,True,True,2,10.791852151625523
2023-11-13 11:00:00,70,85,10.623229461756374,3.6936481810473674,True,True,2,10.623229461756374
2024-01-28 10:00:00,75,80,10.567021898466658,3.2307795828384815,True,True,2,10.567021898466658
2024-01-01 02:00:00,125,45,10.387157695939566,3.6886750833206032,True,True,2,10.387157695939566
2023-12-10 00:00:00,116,20,10.117361392148927,5.390985002358981,True,True,2,10.117361392148927
2023-12-14 23:00:00,33,17,10.117361392148927,3.8603003071129267,True,True,2,10.117361392148927
2023-12-31 23:00:00,244,17,10.117361392148927,4.466853514382348,True,True,2,10.117361392148927
2024-01-01 05:00:00,80,17,10.117361392148927,5.951847077067806,True,True,2,10.117361392148927
2024-01-10 07:00:00,42,24,10.117361392148927,5.65982669703997,True,True,2,10.117361392148927
2024-01-09 08:00:00,260,13,7.4193983542425475,9.993070845944146,True,True,2,9.993070845944146
2023-12-12 19:00:00,146,16,9.442870632672333,8.861082474490635,True,True,2,9.442870632672333
2023-12-17 01:00:00,97,18,9.442870632672333,4.372776588470949,True,True,2,9.442870632672333
2023-12-27 13:00:00,12,16,9.442870632672333,5.115101340721906,True,True,2,9.442870632672333
2023-12-31 15:00:00,12,18,9.442870632672333,3.7096131813522453,True,True,2,9.442870632672333
2024-01-01 00:00:00,116,16,9.442870632672333,4.603973821151518,True,True,2,9.442870632672333
2024-01-01 03:00:00,112,16,9.442870632672333,7.19324915718406,True,True,2,9.442870632672333
2024-01-01 05:00:00,7,16,9.442870632672333,3.8549450041026123,True,True,2,9.442870632672333
2024-01-04 16:00:00,116,16,9.442870632672333,3.596242816014498,True,True,2,9.442870632672333
2023-11-05 01:00:00,148,693,5.995473417569735,9.122392765489272,True,True,2,9.122392765489272
2024-01-04 16:00:00,100,187,9.105625252934034,4.381235034162612,True,True,2,9.105625252934034
2023-12-31 20:00:00,41,45,8.993210126354603,6.08157122512151,True,True,2,8.993210126354603
2023-12-31 21:00:00,263,228,8.993210126354603,4.54783660326084,True,True,2,8.993210126354603
2023-12-10 00:00:00,49,11,6.070416835289357,8.986545677863282,True,True,2,8.986545677863282
2023-11-29 23:00:00,50,83,8.970727101038717,3.230396160706414,True,True,2,8.970727101038717
2023-11-30 23:00:00,50,156,8.970727101038717,6.332268252966138,True,True,2,8.970727101038717
2023-12-17 02:00:00,80,22,3.597284050541841,8.91042561679014,True,True,2,8.91042561679014
2023-11-23 20:00:00,74,32,8.768379873195737,3.58481681478427,True,True,2,8.768379873195737
2023-12-12 22:00:00,255,16,8.768379873195737,3.231288124518886,True,True,2,8.768379873195737
2023-12-22 13:00:00,42,20,8.768379873195737,3.291950203968629,True,True,2,8.768379873195737
2023-12-31 22:00:00,41,33,8.768379873195737,3.316092151737284,True,True,2,8.768379873195737
2024-01-01 01:00:00,244,29,8.768379873195737,7.719206919879138,True,True,2,8.768379873195737
2024-01-04 16:00:00,41,53,8.768379873195737,5.038724136167479,True,True,2,8.768379873195737
2023-12-31 20:00:00,141,223,8.633481721300418,3.145546552406436,True,True,2,8.633481721300418
2023-11-14 21:00:00,181,22,6.4076622150276545,8.617621588689236,True,True,2,8.617621588689236
2023-12-16 00:00:00,112,23,5.126129772022124,8.616886658348477,True,True,2,8.616886658348477
2024-01-01 05:00:00,226,15,8.43113449345744,4.878385981834291,True,True,2,8.43113449345744
2024-01-04 17:00:00,166,124,4.782752658106766,8.349822402194494,True,True,2,8.349822402194494
2023-12-13 22:00:00,87,116,8.18382121498269,3.4413336002625496,True,True,2,8.18382121498269
2024-01-25 22:00:00,97,15,4.946265569495031,8.16180560389072,True,True,2,8.16180560389072
2024-01-09 08:00:00,39,13,7.4193983542425475,8.112326747374913,True,True,2,8.112326747374913
2023-11-23 20:00:00,42,15,8.093889113719143,3.145738542985432,True,True,2,8.093889113719143
2023-11-26 22:00:00,145,15,8.093889113719143,6.964679275920417,True,True,2,8.093889113719143
2023-12-10 01:00:00,33,14,8.093889113719143,4.566837441318086,True,True,2,8.093889113719143
2023-12-10 23:00:00,7,14,8.093889113719143,5.22721471381462,True,True,2,8.093889113719143
2023-12-14 19:00:00,33,14,8.093889113719143,3.1847731145040945,True,True,2,8.093889113719143
2023-12-14 22:00:00,65,15,8.093889113719143,4.065213074802077,True,True,2,8.093889113719143
2023-12-14 23:00:00,66,15,8.093889113719143,4.948233790097947,True,True,2,8.093889113719143
2023-12-14 23:00:00,145,15,8.093889113719143,4.231697422957373,True,True,2,8.093889113719143
2023-12-17 02:00:00,7,14,8.093889113719143,5.191297833383855,True,True,2,8.093889113719143
2023-12-17 02:00:00,256,15,8.093889113719143,3.2519008995318908,True,True,2,8.093889113719143
2023-12-31 21:00:00,42,15,8.093889113719143,3.574502466804515,True,True,2,8.093889113719143
2023-12-31 23:00:00,116,14,8.093889113719143,4.2070696351526315,True,True,2,8.093889113719143
2024-01-01 07:00:00,145,14,8.093889113719143,3.442992047994862,True,True,2,8.093889113719143
2024-01-15 15:00:00,7,15,8.093889113719143,6.552584208612221,True,True,2,8.093889113719143
2023-12-17 01:00:00,181,21,8.093889113719142,3.1266044841785763,True,True,2,8.093889113719142
2023-12-26 17:00:00,70,64,8.093889113719142,5.182551939076831,True,True,2,8.093889113719142
2024-01-23 22:00:00,181,15,4.046944556859572,7.979467238406901,True,True,2,7.979467238406901
2023-12-10 01:00:00,37,9,4.721435316336167,7.91430900377308,True,True,2,7.91430900377308
2023-12-31 20:00:00,42,24,3.757877088512459,7.912909292549925,True,True,2,7.912909292549925
2024-01-01 01:00:00,145,18,5.058680696074464,7.654143723291988,True,True,2,7.654143723291988
2024-01-16 07:00:00,89,9,4.721435316336167,7.61799197861157,True,True,2,7.61799197861157
2024-01-23 09:00:00,50,91,7.554296506137867,4.699483001384484,True,True,2,7.554296506137867
2023-12-09 23:00:00,97,19,4.384189936597869,7.536578149094721,True,True,2,7.536578149094721
2023-12-17 00:00:00,189,11,6.070416835289357,7.497882181598575,True,True,2,7.497882181598575
2023-11-01 01:00:00,4,14,7.4193983542425475,5.7384398038453535,True,True,2,7.4193983542425475
2023-11-07 18:00:00,145,13,7.4193983542425475,3.9361670412125696,True,True,2,7.4193983542425475
2023-11-15 10:00:00,50,89,7.4193983542425475,3.2496194480193736,True,True,2,7.4193983542425475
2023-12-01 19:00:00,4,18,7.4193983542425475,3.354594078898229,True,True,2,7.4193983542425475
2023-12-09 18:00:00,116,13,7.4193983542425475,3.3037575400738395,True,True,2,7.4193983542425475
2023-12-13 18:00:00,33,15,7.4193983542425475,4.217257544591484,True,True,2,7.4193983542425475
2023-12-14 22:00:00,66,14,7.4193983542425475,4.989481787076588,True,True,2,7.4193983542425475
2023-12-14 23:00:00,25,13,7.4193983542425475,4.1135250203115294,True,True,2,7.4193983542425475
2023-12-22 12:00:00,226,14,7.4193983542425475,3.22784742436597,True,True,2,7.4193983542425475
2023-12-29 15:00:00,66,13,7.4193983542425475,6.166417852533281,True,True,2,7.4193983542425475
2023-12-31 13:00:00,12,16,7.4193983542425475,3.5345907563063297,True,True,2,7.4193983542425475
2023-12-31 19:00:00,262,131,7.4193983542425475,3.3836373058151286,True,True,2,7.4193983542425475
2024-01-02 09:00:00,50,90,7.4193983542425475,3.611248561202634,True,True,2,7.4193983542425475
2024-01-17 08:00:00,33,15,7.4193983542425475,7.295059856722215,True,True,2,7.4193983542425475
2024-01-17 09:00:00,145,16,7.4193983542425475,6.566159970970126,True,True,2,7.4193983542425475
2023-12-15 18:00:00,244,19,7.419398354242547,4.861866743822663,True,True,2,7.419398354242547
2024-01-04 16:00:00,151,117,7.419398354242547,4.354839024217422,True,True,2,7.419398354242547
2024-01-05 08:00:00,152,21,7.419398354242547,3.994604845559125,True,True,2,7.419398354242547
2023-12-08 23:00:00,256,16,5.171095822653896,7.40863775813494,True,True,2,7.40863775813494
2023-11-30 23:00:00,112,8,4.046944556859572,7.354110311411268,True,True,2,7.354110311411268
2023-12-18 08:00:00,226,36,6.969737847924817,7.330089758345951,True,True,2,7.330089758345951
2023-11-01 01:00:00,148,101,7.194568101083683,3.6458472112527605,True,True,2,7.194568101083683
2024-01-05 09:00:00,24,50,7.194568101083682,4.625531159445337,True,True,2,7.194568101083682
2023-12-16 19:00:00,224,29,7.0821529745042495,3.3756959665217363,True,True,2,7.0821529745042495
2024-01-04 18:00:00,152,25,7.0821529745042495,6.0425482507222865,True,True,2,7.0821529745042495
2023-12-08 22:00:00,97,14,6.4076622150276545,6.841655090810467,True,True,2,6.841655090810467
2023-12-31 22:00:00,243,11,6.070416835289357,6.838943780695444,True,True,2,6.838943780695444
2023-12-31 20:00:00,229,154,6.829218939700526,3.0939673769461393,True,True,2,6.829218939700526
2023-11-05 08:00:00,50,96,6.7449075947659525,3.853115043166975,True,True,2,6.7449075947659525
2023-11-05 13:00:00,75,86,6.7449075947659525,3.104891208853765,True,True,2,6.7449075947659525
2023-12-01 19:00:00,65,15,6.7449075947659525,6.391400072688461,True,True,2,6.7449075947659525
2023-12-13 21:00:00,232,26,6.7449075947659525,3.0437355070960876,True,True,2,6.7449075947659525
2023-12-14 17:00:00,66,12,6.7449075947659525,4.682408287595943,True,True,2,6.7449075947659525
2023-12-14 23:00:00,112,12,6.7449075947659525,4.286797254531029,True,True,2,6.7449075947659525
2023-12-16 19:00:00,66,12,6.7449075947659525,3.2625505705724924,True,True,2,6.7449075947659525
2023-12-31 21:00:00,226,12,6.7449075947659525,4.608198821067777,True,True,2,6.7449075947659525
2024-01-01 03:00:00,226,12,6.7449075947659525,3.9797422386157586,True,True,2,6.7449075947659525
2024-01-05 12:00:00,24,44,6.744907594765952,3.3494775757247273,True,True,2,6.744907594765952
2024-01-05 17:00:00,24,51,6.744907594765952,3.601681129177589,True,True,2,6.744907594765952
2024-01-04 15:00:00,166,78,5.395926075812762,6.666986370176228,True,True,2,6.666986370176228
2023-11-05 13:00:00,74,58,4.609020189756734,6.652862973491589,True,True,2,6.652862973491589
2023-12-18 07:00:00,89,9,4.046944556859572,6.629017877057042,True,True,2,6.629017877057042
2023-12-10 01:00:00,80,12,3.597284050541841,6.620404018802276,True,True,2,6.620404018802276
2023-12-16 00:00:00,189,9,4.721435316336167,6.5865873063033336,True,True,2,6.5865873063033336
2023-11-26 17:00:00,138,456,6.563313928753023,3.1497505954307274,True,True,2,6.563313928753023
2024-01-20 19:00:00,181,11,5.395926075812762,6.549570317466084,True,True,2,6.549570317466084
2023-11-18 09:00:00,226,17,3.7096991771212737,6.548764102391738,True,True,2,6.548764102391738
2023-11-01 07:00:00,87,23,6.520077341607086,6.035605290652816,True,True,2,6.520077341607086
2024-01-17 08:00:00,116,23,4.21556724672872,6.509482336857451,True,True,2,6.509482336857451
2023-12-31 20:00:00,50,66,6.475111290975314,3.372709875867453,True,True,2,6.475111290975314
2023-12-31 19:00:00,244,13,4.721435316336167,6.422898388615892,True,True,2,6.422898388615892
2023-11-22 14:00:00,42,14,6.4076622150276545,3.2301445830777205,True,True,2,6.4076622150276545
2023-12-14 07:00:00,244,20,4.384189936597869,6.355048245828634,True,True,2,6.355048245828634
2024-01-05 09:00:00,238,263,6.193051518830556,3.1100660074769837,True,True,2,6.193051518830556
2024-01-04 20:00:00,90,201,6.137865911237016,4.019765844075447,True,True,2,6.137865911237016
2023-11-01 09:00:00,261,24,3.8783218669904223,6.109630030706104,True,True,2,6.109630030706104
2024-01-15 15:00:00,246,321,6.097396465668421,3.6862262222712223,True,True,2,6.097396465668421
2023-11-18 10:00:00,146,12,6.070416835289357,5.664150725188337,True,True,2,6.070416835289357
2023-11-23 14:00:00,232,23,6.070416835289357,3.0422301298707066,True,True,2,6.070416835289357
2023-11-28 07:00:00,145,11,6.070416835289357,3.8992665460841613,True,True,2,6.070416835289357
2023-12-09 14:00:00,65,12,6.070416835289357,3.3169544844952945,True,True,2,6.070416835289357
2023-12-10 00:00:00,33,12,6.070416835289357,3.9633590596500996,True,True,2,6.070416835289357
2023-12-31 20:00:00,244,11,6.070416835289357,4.70260329906802,True,True,2,6.070416835289357
2023-12-31 21:00:00,7,12,6.070416835289357,4.726868109937668,True,True,2,6.070416835289357
2024-01-17 07:00:00,42,18,6.070416835289357,3.9222992574621087,True,True,2,6.070416835289357
2024-01-20 10:00:00,7,13,6.070416835289357,4.892262425587556,True,True,2,6.070416835289357
2024-01-31 23:00:00,97,12,6.070416835289357,5.082034832196984,True,True,2,6.070416835289357
2023-12-31 20:00:00,263,195,6.014209271999641,3.871126306921384,True,True,2,6.014209271999641
2024-01-17 08:00:00,41,39,5.901794145420208,5.006185976112381,True,True,2,5.901794145420208
2024-01-01 01:00:00,4,28,4.432367847989054,5.873798018642738,True,True,2,5.873798018642738
2023-12-15 18:00:00,41,48,5.845586582130491,3.410300865736116,True,True,2,5.845586582130491
2024-01-04 17:00:00,152,22,3.597284050541841,5.837223939694715,True,True,2,5.837223939694715
2023-12-18 07:00:00,244,24,4.046944556859571,5.799766252849867,True,True,2,5.799766252849867
2023-11-15 09:00:00,50,110,5.792685346093111,4.788132232523433,True,True,2,5.792685346093111
2024-01-01 00:00:00,255,9,4.721435316336167,5.739781125712184,True,True,2,5.739781125712184
2023-11-14 18:00:00,166,73,5.73317145555106,3.776287461947913,True,True,2,5.73317145555106
2023-12-16 01:00:00,45,28,5.73317145555106,3.3509618656591638,True,True,2,5.73317145555106
2023-12-21 18:00:00,224,25,5.73317145555106,3.116596019905272,True,True,2,5.73317145555106
2023-12-25 16:00:00,45,26,5.73317145555106,4.341439970842198,True,True,2,5.73317145555106
2024-01-09 18:00:00,25,8,4.046944556859572,5.726522216748805,True,True,2,5.726522216748805
2023-11-05 12:00:00,74,38,5.620756328971626,4.197822667645164,True,True,2,5.620756328971626
2023-12-16 23:00:00,25,17,5.620756328971626,4.785883407309267,True,True,2,5.620756328971626
2023-12-31 21:00:00,41,30,5.620756328971626,3.031162837360064,True,True,2,5.620756328971626
2023-12-01 18:00:00,141,307,5.55157778953813,3.1758463582922483,True,True,2,5.55157778953813
2023-12-09 23:00:00,25,14,4.271774810018436,5.504547042202389,True,True,2,5.504547042202389
2024-01-29 06:00:00,39,8,4.046944556859572,5.498587051296924,True,True,2,5.498587051296924
2023-12-09 12:00:00,74,39,4.046944556859572,5.485474423251746,True,True,2,5.485474423251746
2023-11-18 15:00:00,146,11,5.395926075812762,3.739626091844361,True,True,2,5.395926075812762
2023-11-18 16:00:00,146,10,5.395926075812762,3.0405764008985794,True,True,2,5.395926075812762
2023-11-23 14:00:00,116,10,5.395926075812762,3.1430261941074846,True,True,2,5.395926075812762
2023-11-23 17:00:00,42,20,5.395926075812762,5.199665909792209,True,True,2,5.395926075812762
2023-12-02 15:00:00,65,12,5.395926075812762,3.7485436748235252,True,True,2,5.395926075812762
2023-12-09 18:00:00,65,12,5.395926075812762,3.181119208324511,True,True,2,5.395926075812762
2023-12-10 01:00:00,25,11,5.395926075812762,3.380179865940267,True,True,2,5.395926075812762
2023-12-10 03:00:00,112,11,5.395926075812762,4.868648585808278,True,True,2,5.395926075812762
2023-12-10 22:00:00,7,11,5.395926075812762,4.0742477621797395,True,True,2,5.395926075812762
2023-12-14 22:00:00,112,11,5.395926075812762,4.185300992101343,True,True,2,5.395926075812762
2023-12-15 17:00:00,224,24,5.395926075812762,3.0389573158513348,True,True,2,5.395926075812762
2023-12-21 15:00:00,152,12,5.395926075812762,3.298191073638907,True,True,2,5.395926075812762
2023-12-31 19:00:00,7,10,5.395926075812762,5.111462130699273,True,True,2,5.395926075812762
2023-12-31 21:00:00,74,30,5.395926075812762,3.8875742566911136,True,True,2,5.395926075812762
2024-01-05 08:00:00,41,52,5.395926075812762,4.153949121414617,True,True,2,5.395926075812762
2024-01-05 08:00:00,226,12,5.395926075812762,4.087281815627213,True,True,2,5.395926075812762
2024-01-28 00:00:00,33,11,5.395926075812762,4.918341070187932,True,True,2,5.395926075812762
2023-12-17 02:00:00,36,8,4.046944556859572,5.355566592134615,True,True,2,5.355566592134615
2024-01-16 06:00:00,188,8,4.046944556859572,5.34730247156773,True,True,2,5.34730247156773
2023-12-07 19:00:00,70,82,5.2995702530303905,3.1124325218604705,True,True,2,5.2995702530303905
2023-12-09 02:00:00,256,16,4.384189936597869,5.2917108400695385,True,True,2,5.2917108400695385
2023-11-28 09:00:00,50,74,5.2610279239174425,3.7461446579554387,True,True,2,5.2610279239174425
2023-11-11 00:00:00,80,8,4.046944556859572,5.209534214589855,True,True,2,5.209534214589855
2023-11-30 23:00:00,25,8,4.046944556859572,5.180142608546288,True,True,2,5.180142608546288
2024-01-04 16:00:00,24,40,5.171095822653896,4.680020213320816,True,True,2,5.171095822653896
2023-11-28 11:00:00,50,93,5.142992041009038,4.5802350880251055,True,True,2,5.142992041009038
2024-01-04 16:00:00,142,360,5.1336241137940855,3.0523765077223044,True,True,2,5.1336241137940855
2023-12-01 18:00:00,25,9,4.721435316336167,5.103328934190519,True,True,2,5.103328934190519
2023-12-22 11:00:00,166,74,5.058680696074464,3.087787846799261,True,True,2,5.058680696074464
2024-01-04 15:00:00,143,152,5.058680696074464,4.528767204046712,True,True,2,5.058680696074464
2024-01-05 08:00:00,116,23,5.058680696074464,4.776048394829694,True,True,2,5.058680696074464
2023-12-09 16:00:00,232,37,4.046944556859572,4.99597153855982,True,True,2,4.99597153855982
2023-12-17 02:00:00,255,26,4.991231620126805,3.4434264882796883,True,True,2,4.991231620126805
2024-01-12 08:00:00,50,66,4.991231620126805,4.217908061382131,True,True,2,4.991231620126805
2024-01-12 09:00:00,50,79,3.962633211924997,4.9613098130698,True,True,2,4.9613098130698
2023-11-03 19:00:00,66,8,4.046944556859572,4.949347140486621,True,True,2,4.949347140486621
2023-12-16 19:00:00,112,14,4.946265569495031,3.68593241549843,True,True,2,4.946265569495031
2024-01-06 10:00:00,226,14,4.946265569495031,4.206269712627625,True,True,2,4.946265569495031
2023-12-15 18:00:00,49,9,4.721435316336167,4.920265627419522,True,True,2,4.920265627419522
2023-12-21 09:00:00,50,88,4.914146961900908,3.3754408961774263,True,True,2,4.914146961900908
2024-01-27 13:00:00,246,258,4.908793860635221,3.5898203399378166,True,True,2,4.908793860635221
2024-01-01 13:00:00,12,20,4.890058006205315,4.101936916943549,True,True,2,4.890058006205315
2024-01-15 16:00:00,246,297,4.846341012535536,3.077014329057385,True,True,2,4.846341012535536
2023-12-20 07:00:00,116,24,3.507351949278295,4.734017427137562,True,True,2,4.734017427137562
2023-11-11 15:00:00,65,11,4.721435316336167,3.2108058629588827,True,True,2,4.721435316336167
2023-11-12 02:00:00,256,10,4.721435316336167,3.3396488229766415,True,True,2,4.721435316336167
2023-11-17 16:00:00,74,28,4.721435316336167,3.4828332390225882,True,True,2,4.721435316336167
2023-11-18 06:00:00,226,10,4.721435316336167,3.755739669795485,True,True,2,4.721435316336167
2023-11-18 11:00:00,146,10,4.721435316336167,3.96165596595594,True,True,2,4.721435316336167
2023-11-21 17:00:00,74,30,4.721435316336167,3.6371268535557695,True,True,2,4.721435316336167
2023-12-04 09:00:00,244,9,4.721435316336167,3.3824838500634105,True,True,2,4.721435316336167
2023-12-08 22:00:00,33,9,4.721435316336167,3.4571136778656877,True,True,2,4.721435316336167
2023-12-08 23:00:00,7,9,4.721435316336167,4.2322688982372325,True,True,2,4.721435316336167
2023-12-09 15:00:00,7,9,4.721435316336167,3.8204546915461743,True,True,2,4.721435316336167
2023-12-09 18:00:00,74,32,4.721435316336167,3.4964861241404317,True,True,2,4.721435316336167
2023-12-09 21:00:00,33,10,4.721435316336167,3.4329384884529968,True,True,2,4.721435316336167
2023-12-09 22:00:00,33,10,4.721435316336167,3.2409440464011317,True,True,2,4.721435316336167
2023-12-14 22:00:00,25,10,4.721435316336167,3.100843965966698,True,True,2,4.721435316336167
2023-12-18 00:00:00,7,9,4.721435316336167,3.1502417549349437,True,True,2,4.721435316336167
2023-12-22 15:00:00,244,18,4.721435316336167,3.497321834175733,True,True,2,4.721435316336167
2024-01-01 00:00:00,145,9,4.721435316336167,3.3602753858554952,True,True,2,4.721435316336167
2024-01-03 08:00:00,195,9,4.721435316336167,4.56549285507394,True,True,2,4.721435316336167
2024-01-04 18:00:00,24,36,4.721435316336167,3.4603829653016027,True,True,2,4.721435316336167
2024-01-05 08:00:00,151,108,4.721435316336167,3.268656477400684,True,True,2,4.721435316336167
2024-01-14 10:00:00,152,10,4.721435316336167,3.4076165896147104,True,True,2,4.721435316336167
2024-01-14 10:00:00,244,10,4.721435316336167,3.895784699736555,True,True,2,4.721435316336167
2024-01-20 06:00:00,7,9,4.721435316336167,3.4205008042182667,True,True,2,4.721435316336167
2024-01-25 08:00:00,41,30,4.721435316336167,3.4705808696502833,True,True,2,4.721435316336167
2024-01-26 22:00:00,256,9,4.721435316336167,4.637655821143018,True,True,2,4.721435316336167
2024-01-27 21:00:00,166,70,4.721435316336167,3.4963264952987045,True,True,2,4.721435316336167
2024-01-29 08:00:00,61,10,4.721435316336167,4.626205071293817,True,True,2,4.721435316336167
2024-01-22 07:00:00,76,9,4.046944556859572,4.644805461032244,True,True,2,4.644805461032244
2024-01-04 17:00:00,231,171,3.5223406328222193,4.642223376055702,True,True,2,4.642223376055702
2023-11-21 15:00:00,166,68,4.5865371644408475,3.0030156191213555,True,True,2,4.5865371644408475
2024-01-04 16:00:00,238,288,4.175418987236066,4.571251075056931,True,True,2,4.571251075056931
2023-12-28 16:00:00,232,34,4.384189936597869,4.569134358236239,True,True,2,4.569134358236239
2023-12-15 18:00:00,74,42,4.552812626467017,3.798574148300881,True,True,2,4.552812626467017
2023-11-08 11:00:00,145,15,3.7096991771212737,4.521491008574434,True,True,2,4.521491008574434
2023-12-11 08:00:00,33,13,4.496605063177301,3.859700475606301,True,True,2,4.496605063177301
2023-12-12 07:00:00,74,36,4.496605063177301,4.027776822432441,True,True,2,4.496605063177301
2023-12-19 07:00:00,74,36,4.496605063177301,3.2731519445586765,True,True,2,4.496605063177301
2024-01-17 09:00:00,50,93,4.443703827139921,4.347022009377933,True,True,2,4.443703827139921
2023-12-07 22:00:00,48,358,4.432367847989054,3.2610421194844132,True,True,2,4.432367847989054
2024-01-17 06:00:00,61,8,3.7096991771212737,4.414644897558336,True,True,2,4.414644897558336
2023-11-16 09:00:00,244,11,4.384189936597869,4.030170078385345,True,True,2,4.384189936597869
2023-12-15 18:00:00,116,18,4.384189936597869,3.1988977461627233,True,True,2,4.384189936597869
2023-12-18 07:00:00,74,40,4.384189936597869,3.776220663735193,True,True,2,4.384189936597869
2023-12-18 08:00:00,42,21,4.384189936597869,3.2598387833150673,True,True,2,4.384189936597869
2023-11-01 01:00:00,144,45,4.3535312657125695,3.0363626132929205,True,True,2,4.3535312657125695
2023-12-15 18:00:00,224,32,3.7096991771212737,4.325155666059962,True,True,2,4.325155666059962
2024-01-04 17:00:00,90,179,3.9345294302801386,4.323598552180101,True,True,2,4.323598552180101
2023-11-01 13:00:00,166,47,4.316740860650209,3.563164850294722,True,True,2,4.316740860650209
2023-11-14 22:00:00,50,81,4.316740860650209,3.374402703923784,True,True,2,4.316740860650209
2023-11-27 09:00:00,195,12,4.271774810018436,3.023730289717958,True,True,2,4.271774810018436
2023-12-09 18:00:00,152,12,4.271774810018436,4.2650251913931,True,True,2,4.271774810018436
2023-12-17 01:00:00,66,12,4.271774810018436,3.0788788735446,True,True,2,4.271774810018436
2024-01-04 16:00:00,125,49,4.271774810018436,3.8721773461803655,True,True,2,4.271774810018436
2024-01-12 12:00:00,224,16,4.271774810018436,3.0650706530070697,True,True,2,4.271774810018436
2023-12-31 01:00:00,148,149,-4.196831392298814,4.26569241150024,True,True,2,4.26569241150024
2023-11-03 18:00:00,246,306,4.208822339133954,3.058457993939829,True,True,2,4.208822339133954
2023-11-04 01:00:00,25,9,4.046944556859572,4.195406698059154,True,True,2,4.195406698059154
2023-12-13 18:00:00,224,22,4.181842708754891,3.0085129407827034,True,True,2,4.181842708754891
2024-01-14 15:00:00,246,270,4.18184270875489,3.524228687159246,True,True,2,4.18184270875489
2024-01-22 07:00:00,42,20,3.5410764872521248,4.169802743332553,True,True,2,4.169802743332553
2024-01-27 14:00:00,246,300,4.1548630783758265,4.148716399989257,True,True,2,4.1548630783758265
2024-01-04 16:00:00,231,129,4.143300379641942,3.3245228858685394,True,True,2,4.143300379641942
2023-11-26 08:00:00,50,65,4.1312559017941455,3.1539187547849936,True,True,2,4.1312559017941455
2023-12-13 22:00:00,209,38,4.1312559017941455,3.0219270456957843,True,True,2,4.1312559017941455
2023-12-10 01:00:00,181,12,4.046944556859571,4.119944113640383,True,True,2,4.119944113640383
2024-01-04 15:00:00,100,158,4.114393632807231,3.5845477905357623,True,True,2,4.114393632807231
2023-11-30 22:00:00,48,339,3.516987531556532,4.110589265716862,True,True,2,4.110589265716862
2024-01-04 18:00:00,142,473,4.071925696099445,3.95731095909486,True,True,2,4.071925696099445
2023-11-01 16:00:00,152,9,4.046944556859572,3.128629833365924,True,True,2,4.046944556859572
2023-11-05 17:00:00,33,8,4.046944556859572,3.0000983911826147,True,True,2,4.046944556859572
2023-11-13 11:00:00,244,10,4.046944556859572,3.9431146203736285,True,True,2,4.046944556859572
2023-11-18 12:00:00,146,9,4.046944556859572,3.162252062469091,True,True,2,4.046944556859572
2023-11-18 17:00:00,224,21,4.046944556859572,3.5203153358582293,True,True,2,4.046944556859572
2023-11-19 09:00:00,226,12,4.046944556859572,3.2145423357637815,True,True,2,4.046944556859572
2023-11-21 12:00:00,152,9,4.046944556859572,3.1023893413511923,True,True,2,4.046944556859572
2023-11-21 15:00:00,232,20,4.046944556859572,3.017175853719894,True,True,2,4.046944556859572
2023-12-01 13:00:00,226,9,4.046944556859572,3.463159351018618,True,True,2,4.046944556859572
2023-12-08 12:00:00,7,8,4.046944556859572,3.725213626203707,True,True,2,4.046944556859572
2023-12-10 04:00:00,112,10,4.046944556859572,3.954298969710559,True,True,2,4.046944556859572
2023-12-11 08:00:00,116,18,4.046944556859572,3.850039436786476,True,True,2,4.046944556859572
2023-12-14 23:00:00,80,8,4.046944556859572,3.3125580307580687,True,True,2,4.046944556859572
2023-12-16 00:00:00,80,8,4.046944556859572,3.183519094429914,True,True,2,4.046944556859572
2023-12-20 07:00:00,61,8,4.046944556859572,3.915399452609717,True,True,2,4.046944556859572
2023-12-22 13:00:00,61,8,4.046944556859572,3.5056722220228504,True,True,2,4.046944556859572
2024-01-09 10:00:00,76,8,4.046944556859572,3.9888047621931566,True,True,2,4.046944556859572
2024-01-13 23:00:00,146,8,4.046944556859572,3.44088651476753,True,True,2,4.046944556859572
2024-01-19 11:00:00,76,8,4.046944556859572,3.9558851871243945,True,True,2,4.046944556859572
2024-01-19 17:00:00,146,9,4.046944556859572,4.009604393666349,True,True,2,4.046944556859572
2024-01-24 07:00:00,61,8,4.046944556859572,3.7469230983503206,True,True,2,4.046944556859572
2024-01-26 09:00:00,61,9,4.046944556859572,3.7682942178794683,True,True,2,4.046944556859572
2024-01-30 14:00:00,152,9,4.046944556859572,3.2126543211655108,True,True,2,4.046944556859572
2023-12-22 14:00:00,42,24,4.046944556859571,3.9525338771913754,True,True,2,4.046944556859571
2024-01-20 10:00:00,226,12,4.046944556859571,3.3824874666128264,True,True,2,4.046944556859571
2024-01-27 16:00:00,246,281,4.046944556859571,3.2851217204820853,True,True,2,4.046944556859571
2023-12-13 21:00:00,142,684,3.89576559352861,3.7459566680973735,True,True,2,3.89576559352861
2023-11-30 22:00:00,50,102,3.8912928431342033,3.8023284086229214,True,True,2,3.8912928431342033
2023-12-18 07:00:00,42,21,3.8783218669904223,3.425893324570589,True,True,2,3.8783218669904223
2023-12-30 00:00:00,148,107,-3.8684028852334134,3.601632736136924,True,True,2,3.8684028852334134
2023-12-13 21:00:00,87,105,3.8502180853455643,3.1290703707733396,True,True,2,3.8502180853455643
2023-12-13 18:00:00,88,56,3.8221143037007064,3.25883015661981,True,True,2,3.8221143037007064
2023-11-11 18:00:00,232,27,3.822114303700706,3.4763630019514755,True,True,2,3.822114303700706
2023-12-15 15:00:00,224,24,3.822114303700706,3.2117913183025437,True,True,2,3.822114303700706
2024-01-18 07:00:00,74,28,3.822114303700706,3.728453841188495,True,True,2,3.822114303700706
2023-12-16 19:00:00,42,20,3.7771482530689333,3.1548893322547547,True,True,2,3.7771482530689333
2023-12-10 14:00:00,116,17,3.507351949278295,3.7512856170692284,True,True,2,3.7512856170692284
2023-11-01 01:00:00,231,31,3.661521265730088,3.745666394700069,True,True,2,3.745666394700069
2023-11-06 11:00:00,7,8,3.7096991771212737,3.706273103459944,True,True,2,3.7096991771212737
2023-12-22 15:00:00,74,39,3.7096991771212737,3.1493668048545804,True,True,2,3.7096991771212737
2023-11-02 21:00:00,65,11,3.597284050541841,3.7058834804269436,True,True,2,3.7058834804269436
2023-12-08 11:00:00,145,11,3.597284050541841,3.458933549838476,True,True,2,3.597284050541841
2023-12-14 07:00:00,41,41,3.5410764872521248,3.5060363003043986,True,True,2,3.5410764872521248
